episode_number,title,full_title,category,youtube_channel_search_url,youtube_url_TO_FILL
1,The Basics of the Psychiatric Interview,Episode 001: The Basics of the Psychiatric Interview,Foundations & the psychiatric interview,https://www.youtube.com/@psychiatrypsychotherapy6939/search?query=Psychiatry+Psychotherapy+Podcast+Episode+001%3A+The+Basics+of+the+Psychiatric+Interview,https://www.youtube.com/watch?v=-9SekuYZ1_Y
2,Cognitive Distortions and Practicing Truth,Episode 002: Cognitive Distortions and Practicing Truth,Mood & bipolar; suicide,https://www.youtube.com/@psychiatrypsychotherapy6939/search?query=Psychiatry+Psychotherapy+Podcast+Episode+002%3A+Cognitive+Distortions+and+Practicing+Truth,https://www.youtube.com/watch?v=-KqHdPspSYo
3,Psychopathy with Michael A. Cummings M.D.,Episode 003: Psychopathy with Michael A. Cummings M.D.,Foundations & the psychiatric interview,https://www.youtube.com/@psychiatrypsychotherapy6939/search?query=Psychiatry+Psychotherapy+Podcast+Episode+003%3A+Psychopathy+with+Michael+A.+Cummings+M.D.,https://www.youtube.com/watch?v=rlBZ-jvXClw
4,Inpatient Child and Adolescent Suicidality,Episode 004: Inpatient Child and Adolescent Suicidality,Foundations & the psychiatric interview,https://www.youtube.com/@psychiatrypsychotherapy6939/search?query=Psychiatry+Psychotherapy+Podcast+Episode+004%3A+Inpatient+Child+and+Adolescent+Suicidality,https://www.youtube.com/watch?v=AW8SLOXsWXk
5,A Journey Learning Psychotherapy,Episode 005: A Journey Learning Psychotherapy,"Child, adolescent & development",https://www.youtube.com/@psychiatrypsychotherapy6939/search?query=Psychiatry+Psychotherapy+Podcast+Episode+005%3A+A+Journey+Learning+Psychotherapy,https://www.youtube.com/watch?v=orJL8LrK8FA
6,Sensorium Part 1: Total Brain Function Optimization,Episode 006: Sensorium Part 1: Total Brain Function Optimization,Neuroscience & the brain,https://www.youtube.com/@psychiatrypsychotherapy6939/search?query=Psychiatry+Psychotherapy+Podcast+Episode+006%3A+Sensorium+Part+1%3A+Total+Brain+Function+Optimization,https://www.youtube.com/watch?v=HKzGWEZLbe0
7,Physicians Receiving Treatment,Episode 007: Physicians Receiving Treatment,Clinician wellbeing & professional growth,https://www.youtube.com/@psychiatrypsychotherapy6939/search?query=Psychiatry+Psychotherapy+Podcast+Episode+007%3A+Physicians+Receiving+Treatment,https://www.youtube.com/watch?v=LK3y3Hef84I
8,Schizophrenia with Dr. Cummings,Episode 008: Schizophrenia with Dr. Cummings,Psychosis & schizophrenia,https://www.youtube.com/@psychiatrypsychotherapy6939/search?query=Psychiatry+Psychotherapy+Podcast+Episode+008%3A+Schizophrenia+with+Dr.+Cummings,https://www.youtube.com/watch?v=Hoj5M5iDOn0
9,Diet Optimization for Cognitive Function,Episode 009: Diet Optimization for Cognitive Function,Neuroscience & the brain,https://www.youtube.com/@psychiatrypsychotherapy6939/search?query=Psychiatry+Psychotherapy+Podcast+Episode+009%3A+Diet+Optimization+for+Cognitive+Function,https://www.youtube.com/watch?v=d-4jH4ftszg
10,Exercise as a Prescription for Depression,Episode 010: Exercise as a Prescription for Depression,Mood & bipolar; suicide,https://www.youtube.com/@psychiatrypsychotherapy6939/search?query=Psychiatry+Psychotherapy+Podcast+Episode+010%3A+Exercise+as+a+Prescription+for+Depression,https://www.youtube.com/watch?v=s9yJsv6O3yQ
11,Sensorium Part 4: Medications and Substances,Episode 011: Sensorium Part 4: Medications and Substances,Substance use & addiction,https://www.youtube.com/@psychiatrypsychotherapy6939/search?query=Psychiatry+Psychotherapy+Podcast+Episode+011%3A+Sensorium+Part+4%3A+Medications+and+Substances,https://www.youtube.com/watch?v=VwU8bQpofiE
12,Performance Enhancement,Episode 012: Performance Enhancement,"Anxiety, OCD & stress",https://www.youtube.com/@psychiatrypsychotherapy6939/search?query=Psychiatry+Psychotherapy+Podcast+Episode+012%3A+Performance+Enhancement,https://www.youtube.com/watch?v=TMgZrh5KS7E
13,Postpartum Depression,Episode 013: Postpartum Depression,Mood & bipolar; suicide,https://www.youtube.com/@psychiatrypsychotherapy6939/search?query=Psychiatry+Psychotherapy+Podcast+Episode+013%3A+Postpartum+Depression,https://www.youtube.com/watch?v=KIeGlbrqfJM
14,Hormonal Contraceptives and Mental Health,Episode 014: Hormonal Contraceptives and Mental Health,Mood & bipolar; suicide,https://www.youtube.com/@psychiatrypsychotherapy6939/search?query=Psychiatry+Psychotherapy+Podcast+Episode+014%3A+Hormonal+Contraceptives+and+Mental+Health,https://www.youtube.com/watch?v=Z_MRaEZ-4NI
15,Microexpressions Part 1,Episode 015: Microexpressions Part 1,Foundations & the psychiatric interview,https://www.youtube.com/@psychiatrypsychotherapy6939/search?query=Psychiatry+Psychotherapy+Podcast+Episode+015%3A+Microexpressions+Part+1,https://www.youtube.com/watch?v=AkWMEe9pDCA
16,Microexpressions Part 2,Episode 016: Microexpressions Part 2,Foundations & the psychiatric interview,https://www.youtube.com/@psychiatrypsychotherapy6939/search?query=Psychiatry+Psychotherapy+Podcast+Episode+016%3A+Microexpressions+Part+2,https://www.youtube.com/watch?v=jFhFcoVTZdI
17,Microexpressions in Psychotherapy Part 3,Episode 017: Microexpressions in Psychotherapy Part 3,Foundations & the psychiatric interview,https://www.youtube.com/@psychiatrypsychotherapy6939/search?query=Psychiatry+Psychotherapy+Podcast+Episode+017%3A+Microexpressions+in+Psychotherapy+Part+3,https://www.youtube.com/watch?v=kb_cXrVFjsY
18,Prescribing Strength Training for Depression,Episode 018: Prescribing Strength Training for Depression,Mood & bipolar; suicide,https://www.youtube.com/@psychiatrypsychotherapy6939/search?query=Psychiatry+Psychotherapy+Podcast+Episode+018%3A+Prescribing+Strength+Training+for+Depression,https://www.youtube.com/watch?v=NI9_MsKuUxc
19,How Psychiatric Medications Work,Episode 019: How Psychiatric Medications Work,Psychopharmacology,https://www.youtube.com/@psychiatrypsychotherapy6939/search?query=Psychiatry+Psychotherapy+Podcast+Episode+019%3A+How+Psychiatric+Medications+Work,https://www.youtube.com/watch?v=if5eQeIMcEw
20,The History and Use of Antipsychotics,Episode 020: The History and Use of Antipsychotics,Psychosis & schizophrenia,https://www.youtube.com/@psychiatrypsychotherapy6939/search?query=Psychiatry+Psychotherapy+Podcast+Episode+020%3A+The+History+and+Use+of+Antipsychotics,https://www.youtube.com/watch?v=bpAYy5Yf6ZA
21,How to Fix Emotional Detachment,Episode 021: How to Fix Emotional Detachment,Psychotherapy process — transference & dynamics,https://www.youtube.com/@psychiatrypsychotherapy6939/search?query=Psychiatry+Psychotherapy+Podcast+Episode+021%3A+How+to+Fix+Emotional+Detachment,https://www.youtube.com/watch?v=4wM_cw7qY5A
22,The Psychology of Procrastination,Episode 022: The Psychology of Procrastination,"Anxiety, OCD & stress",https://www.youtube.com/@psychiatrypsychotherapy6939/search?query=Psychiatry+Psychotherapy+Podcast+Episode+022%3A+The+Psychology+of+Procrastination,https://www.youtube.com/watch?v=UQEyqNDbMf0
23,Emotional Shutdown - Polyvagal Theory,Episode 023: Emotional Shutdown - Polyvagal Theory,Trauma & PTSD,https://www.youtube.com/@psychiatrypsychotherapy6939/search?query=Psychiatry+Psychotherapy+Podcast+Episode+023%3A+Emotional+Shutdown+-+Polyvagal+Theory,https://www.youtube.com/watch?v=dVrT_QqqyZs
24,History and Use of Antidepressants,Episode 024: History and Use of Antidepressants,Mood & bipolar; suicide,https://www.youtube.com/@psychiatrypsychotherapy6939/search?query=Psychiatry+Psychotherapy+Podcast+Episode+024%3A+History+and+Use+of+Antidepressants,https://www.youtube.com/watch?v=6-t8_RN2vX4
25,The History and Nuances of Bipolar Illness,Episode 025: The History and Nuances of Bipolar Illness,Mood & bipolar; suicide,https://www.youtube.com/@psychiatrypsychotherapy6939/search?query=Psychiatry+Psychotherapy+Podcast+Episode+025%3A+The+History+and+Nuances+of+Bipolar+Illness,https://www.youtube.com/watch?v=vBeB6V-KA70
26,Setting Boundaries in Relationships,Episode 026: Setting Boundaries in Relationships,Other & special topics,https://www.youtube.com/@psychiatrypsychotherapy6939/search?query=Psychiatry+Psychotherapy+Podcast+Episode+026%3A+Setting+Boundaries+in+Relationships,https://www.youtube.com/watch?v=BCf6x9FmZ-Q
27,How to Treat Emotional Trauma,Episode 027: How to Treat Emotional Trauma,Trauma & PTSD,https://www.youtube.com/@psychiatrypsychotherapy6939/search?query=Psychiatry+Psychotherapy+Podcast+Episode+027%3A+How+to+Treat+Emotional+Trauma,https://www.youtube.com/watch?v=CRwlo7AP4tc
28,Therapeutic Alliance Part 1,Episode 028: Therapeutic Alliance Part 1,Foundations & the psychiatric interview,https://www.youtube.com/@psychiatrypsychotherapy6939/search?query=Psychiatry+Psychotherapy+Podcast+Episode+028%3A+Therapeutic+Alliance+Part+1,https://www.youtube.com/watch?v=AAl2JRBcoJc
29,What is Psychodynamic Theory?,Episode 029: What is Psychodynamic Theory?,Psychotherapy process — transference & dynamics,https://www.youtube.com/@psychiatrypsychotherapy6939/search?query=Psychiatry+Psychotherapy+Podcast+Episode+029%3A+What+is+Psychodynamic+Theory%3F,https://www.youtube.com/watch?v=nYk2C42WHgY
30,Ketamine and Psychedelics,Episode 030: Ketamine and Psychedelics,Mood & bipolar; suicide,https://www.youtube.com/@psychiatrypsychotherapy6939/search?query=Psychiatry+Psychotherapy+Podcast+Episode+030%3A+Ketamine+and+Psychedelics,https://www.youtube.com/watch?v=KhLS5uPTeKQ
31,Psychiatric Approach to Delirium,Episode 031: Psychiatric Approach to Delirium,Other & special topics,https://www.youtube.com/@psychiatrypsychotherapy6939/search?query=Psychiatry+Psychotherapy+Podcast+Episode+031%3A+Psychiatric+Approach+to+Delirium,https://www.youtube.com/watch?v=bsOt4z33PNU
32,Therapeutic Alliance Part 2: Logotherapy,Episode 032: Therapeutic Alliance Part 2: Logotherapy,Foundations & the psychiatric interview,https://www.youtube.com/@psychiatrypsychotherapy6939/search?query=Psychiatry+Psychotherapy+Podcast+Episode+032%3A+Therapeutic+Alliance+Part+2%3A+Logotherapy,https://www.youtube.com/watch?v=ezgEMZFR0LY
33,Perinatal Mood and Anxiety Disorders,Episode 033: Perinatal Mood and Anxiety Disorders,Mood & bipolar; suicide,https://www.youtube.com/@psychiatrypsychotherapy6939/search?query=Psychiatry+Psychotherapy+Podcast+Episode+033%3A+Perinatal+Mood+and+Anxiety+Disorders,https://www.youtube.com/watch?v=7TeeK8ruaA8
34,Understanding Placebo,Episode 034: Understanding Placebo,Psychopharmacology,https://www.youtube.com/@psychiatrypsychotherapy6939/search?query=Psychiatry+Psychotherapy+Podcast+Episode+034%3A+Understanding+Placebo,https://www.youtube.com/watch?v=OLQb-WVfitw
35,ADHD Diagnosis and Treatment,Episode 035: ADHD Diagnosis and Treatment,Psychopharmacology,https://www.youtube.com/@psychiatrypsychotherapy6939/search?query=Psychiatry+Psychotherapy+Podcast+Episode+035%3A+ADHD+Diagnosis+and+Treatment,https://www.youtube.com/watch?v=-6aVGlYUBas
36,Therapeutic Alliance Part 3: Empathy,Episode 036: Therapeutic Alliance Part 3: Empathy,Foundations & the psychiatric interview,https://www.youtube.com/@psychiatrypsychotherapy6939/search?query=Psychiatry+Psychotherapy+Podcast+Episode+036%3A+Therapeutic+Alliance+Part+3%3A+Empathy,https://www.youtube.com/watch?v=-5IavceeEqU
37,How to Treat Violent Patients,Episode 037: How to Treat Violent Patients,Other & special topics,https://www.youtube.com/@psychiatrypsychotherapy6939/search?query=Psychiatry+Psychotherapy+Podcast+Episode+037%3A+How+to+Treat+Violent+Patients,https://www.youtube.com/watch?v=QTwzuuF1hP4
38,The Dark Triad,Episode 038: The Dark Triad,Personality,https://www.youtube.com/@psychiatrypsychotherapy6939/search?query=Psychiatry+Psychotherapy+Podcast+Episode+038%3A+The+Dark+Triad,https://www.youtube.com/watch?v=06zorLRqk8o
39,Depression in Geriatric Patients,Episode 039: Depression in Geriatric Patients,Mood & bipolar; suicide,https://www.youtube.com/@psychiatrypsychotherapy6939/search?query=Psychiatry+Psychotherapy+Podcast+Episode+039%3A+Depression+in+Geriatric+Patients,https://www.youtube.com/watch?v=uoXypIuHpo0
40,Reducing Inpatient Violence,Episode 040: Reducing Inpatient Violence,Other & special topics,https://www.youtube.com/@psychiatrypsychotherapy6939/search?query=Psychiatry+Psychotherapy+Podcast+Episode+040%3A+Reducing+Inpatient+Violence,https://www.youtube.com/watch?v=MiuULzAdls4
41,Transference and Countertransference,Episode 041: Transference and Countertransference,Psychotherapy process — transference & dynamics,https://www.youtube.com/@psychiatrypsychotherapy6939/search?query=Psychiatry+Psychotherapy+Podcast+Episode+041%3A+Transference+and+Countertransference,https://www.youtube.com/watch?v=Xxa7-tC-ypM
42,The Science Behind Forgiveness,Episode 042: The Science Behind Forgiveness,Clinician wellbeing & professional growth,https://www.youtube.com/@psychiatrypsychotherapy6939/search?query=Psychiatry+Psychotherapy+Podcast+Episode+042%3A+The+Science+Behind+Forgiveness,https://www.youtube.com/watch?v=101PWhbQaSQ
43,How to Help Patients with Sexual Abuse,Episode 043: How to Help Patients with Sexual Abuse,Trauma & PTSD,https://www.youtube.com/@psychiatrypsychotherapy6939/search?query=Psychiatry+Psychotherapy+Podcast+Episode+043%3A+How+to+Help+Patients+with+Sexual+Abuse,https://www.youtube.com/watch?v=W_K1Rcx4XWA
45,Schizophrenia in Film and History,Episode 045: Schizophrenia in Film and History,Psychosis & schizophrenia,https://www.youtube.com/@psychiatrypsychotherapy6939/search?query=Psychiatry+Psychotherapy+Podcast+Episode+045%3A+Schizophrenia+in+Film+and+History,https://www.youtube.com/watch?v=IU_SSEt51AU
46,Do I Have Schizophrenia?,Episode 046: Do I Have Schizophrenia?,Psychosis & schizophrenia,https://www.youtube.com/@psychiatrypsychotherapy6939/search?query=Psychiatry+Psychotherapy+Podcast+Episode+046%3A+Do+I+Have+Schizophrenia%3F,https://www.youtube.com/watch?v=Gp5kJdV6shc
47,Schizophrenia Differential Diagnosis,Episode 047: Schizophrenia Differential Diagnosis,Foundations & the psychiatric interview,https://www.youtube.com/@psychiatrypsychotherapy6939/search?query=Psychiatry+Psychotherapy+Podcast+Episode+047%3A+Schizophrenia+Differential+Diagnosis,https://www.youtube.com/watch?v=C9AhzCcSbek
48,The Unspeakable Mind - PTSD,Episode 048: The Unspeakable Mind - PTSD,Trauma & PTSD,https://www.youtube.com/@psychiatrypsychotherapy6939/search?query=Psychiatry+Psychotherapy+Podcast+Episode+048%3A+The+Unspeakable+Mind+-+PTSD,https://www.youtube.com/watch?v=MTSvqVNgZy0
49,Clozapine for Treatment Resistant Schizophrenia,Episode 049: Clozapine for Treatment Resistant Schizophrenia,Psychosis & schizophrenia,https://www.youtube.com/@psychiatrypsychotherapy6939/search?query=Psychiatry+Psychotherapy+Podcast+Episode+049%3A+Clozapine+for+Treatment+Resistant+Schizophrenia,https://www.youtube.com/watch?v=aRY_U-7K520
50,The Process of Grief,Episode 050: The Process of Grief,Psychotherapy process — transference & dynamics,https://www.youtube.com/@psychiatrypsychotherapy6939/search?query=Psychiatry+Psychotherapy+Podcast+Episode+050%3A+The+Process+of+Grief,https://www.youtube.com/watch?v=qvXptukXxOc
51,Eating Disorders Overview,Episode 051: Eating Disorders Overview,Other & special topics,https://www.youtube.com/@psychiatrypsychotherapy6939/search?query=Psychiatry+Psychotherapy+Podcast+Episode+051%3A+Eating+Disorders+Overview,https://www.youtube.com/watch?v=ZZgEz8c_NzI
52,Psychodermatology,Episode 052: Psychodermatology,Other & special topics,https://www.youtube.com/@psychiatrypsychotherapy6939/search?query=Psychiatry+Psychotherapy+Podcast+Episode+052%3A+Psychodermatology,https://www.youtube.com/watch?v=9zMi8Yba8oc
53,Frontal Lobe Damage,Episode 053: Frontal Lobe Damage,Neuroscience & the brain,https://www.youtube.com/@psychiatrypsychotherapy6939/search?query=Psychiatry+Psychotherapy+Podcast+Episode+053%3A+Frontal+Lobe+Damage,https://www.youtube.com/watch?v=3nvjTIl3kcw
54,Suicide Epidemiology and Prevention,Episode 054: Suicide Epidemiology and Prevention,Foundations & the psychiatric interview,https://www.youtube.com/@psychiatrypsychotherapy6939/search?query=Psychiatry+Psychotherapy+Podcast+Episode+054%3A+Suicide+Epidemiology+and+Prevention,https://www.youtube.com/watch?v=_5ebgHRNmCw
55,How to Pick a Good Therapist,Episode 055: How to Pick a Good Therapist,Other & special topics,https://www.youtube.com/@psychiatrypsychotherapy6939/search?query=Psychiatry+Psychotherapy+Podcast+Episode+055%3A+How+to+Pick+a+Good+Therapist,https://www.youtube.com/watch?v=f2LR9LADvOI
56,Neuralink and Mental Health,Episode 056: Neuralink and Mental Health,Neuroscience & the brain,https://www.youtube.com/@psychiatrypsychotherapy6939/search?query=Psychiatry+Psychotherapy+Podcast+Episode+056%3A+Neuralink+and+Mental+Health,https://www.youtube.com/watch?v=PhxZ33kAhMI
57,Why Lithium Works for Bipolar,Episode 057: Why Lithium Works for Bipolar,Mood & bipolar; suicide,https://www.youtube.com/@psychiatrypsychotherapy6939/search?query=Psychiatry+Psychotherapy+Podcast+Episode+057%3A+Why+Lithium+Works+for+Bipolar,https://www.youtube.com/watch?v=-j67sto5OZs
58,Lithium Monitoring and Side Effects,Episode 058: Lithium Monitoring and Side Effects,Psychopharmacology,https://www.youtube.com/@psychiatrypsychotherapy6939/search?query=Psychiatry+Psychotherapy+Podcast+Episode+058%3A+Lithium+Monitoring+and+Side+Effects,
59,Foods for Mental Health,Episode 059: Foods for Mental Health,Other & special topics,https://www.youtube.com/@psychiatrypsychotherapy6939/search?query=Psychiatry+Psychotherapy+Podcast+Episode+059%3A+Foods+for+Mental+Health,https://www.youtube.com/watch?v=yhtDEu4FA2g
60,Genetics and Suicide,Episode 060: Genetics and Suicide,Mood & bipolar; suicide,https://www.youtube.com/@psychiatrypsychotherapy6939/search?query=Psychiatry+Psychotherapy+Podcast+Episode+060%3A+Genetics+and+Suicide,https://www.youtube.com/watch?v=Dwu5TRhl2jA
61,Involuntary Holds and Capacity,Episode 061: Involuntary Holds and Capacity,Foundations & the psychiatric interview,https://www.youtube.com/@psychiatrypsychotherapy6939/search?query=Psychiatry+Psychotherapy+Podcast+Episode+061%3A+Involuntary+Holds+and+Capacity,https://www.youtube.com/watch?v=PSL5rF7UJdY
62,Therapeutic Alliance Part 5: Emotion,Episode 062: Therapeutic Alliance Part 5: Emotion,Foundations & the psychiatric interview,https://www.youtube.com/@psychiatrypsychotherapy6939/search?query=Psychiatry+Psychotherapy+Podcast+Episode+062%3A+Therapeutic+Alliance+Part+5%3A+Emotion,https://www.youtube.com/watch?v=CQgnLZ4c1bw
65,Is Social Media Good for Mental Health,Episode 065: Is Social Media Good for Mental Health,Other & special topics,https://www.youtube.com/@psychiatrypsychotherapy6939/search?query=Psychiatry+Psychotherapy+Podcast+Episode+065%3A+Is+Social+Media+Good+for+Mental+Health,https://www.youtube.com/watch?v=ISGpNJnImPM
66,Fentanyl and the Opioid Crisis,Episode 066: Fentanyl and the Opioid Crisis,Substance use & addiction,https://www.youtube.com/@psychiatrypsychotherapy6939/search?query=Psychiatry+Psychotherapy+Podcast+Episode+066%3A+Fentanyl+and+the+Opioid+Crisis,https://www.youtube.com/watch?v=7ZiJKV-sy9Q
67,Joker Character Analysis,Episode 067: Joker Character Analysis,Other & special topics,https://www.youtube.com/@psychiatrypsychotherapy6939/search?query=Psychiatry+Psychotherapy+Podcast+Episode+067%3A+Joker+Character+Analysis,https://www.youtube.com/watch?v=_xv240cm_to
68,IQ and Environmental Factors,Episode 068: IQ and Environmental Factors,Foundations & the psychiatric interview,https://www.youtube.com/@psychiatrypsychotherapy6939/search?query=Psychiatry+Psychotherapy+Podcast+Episode+068%3A+IQ+and+Environmental+Factors,https://www.youtube.com/watch?v=-jmXWOCsXts
69,Therapeutic Alliance Part 6: Attachment,Episode 069: Therapeutic Alliance Part 6: Attachment,Foundations & the psychiatric interview,https://www.youtube.com/@psychiatrypsychotherapy6939/search?query=Psychiatry+Psychotherapy+Podcast+Episode+069%3A+Therapeutic+Alliance+Part+6%3A+Attachment,https://www.youtube.com/watch?v=ZBapSvanmMg
70,Connecting with Psychotic Patients,Episode 070: Connecting with Psychotic Patients,Psychosis & schizophrenia,https://www.youtube.com/@psychiatrypsychotherapy6939/search?query=Psychiatry+Psychotherapy+Podcast+Episode+070%3A+Connecting+with+Psychotic+Patients,https://www.youtube.com/watch?v=i2CUaHlXtRw
71,Valproic Acid Deep Dive,Episode 071: Valproic Acid Deep Dive,Mood & bipolar; suicide,https://www.youtube.com/@psychiatrypsychotherapy6939/search?query=Psychiatry+Psychotherapy+Podcast+Episode+071%3A+Valproic+Acid+Deep+Dive,https://www.youtube.com/watch?v=8dnqdB03bks
72,Violence and Mental Illness,Episode 072: Violence and Mental Illness,Other & special topics,https://www.youtube.com/@psychiatrypsychotherapy6939/search?query=Psychiatry+Psychotherapy+Podcast+Episode+072%3A+Violence+and+Mental+Illness,https://www.youtube.com/watch?v=F61IriYEyRQ
73,Catatonia Diagnosis and Treatment,Episode 073: Catatonia Diagnosis and Treatment,Neuroscience & the brain,https://www.youtube.com/@psychiatrypsychotherapy6939/search?query=Psychiatry+Psychotherapy+Podcast+Episode+073%3A+Catatonia+Diagnosis+and+Treatment,https://www.youtube.com/watch?v=lwOHZfRYw8c
75,Cancer and Mental Health,Episode 075: Cancer and Mental Health,Mood & bipolar; suicide,https://www.youtube.com/@psychiatrypsychotherapy6939/search?query=Psychiatry+Psychotherapy+Podcast+Episode+075%3A+Cancer+and+Mental+Health,https://www.youtube.com/watch?v=Ilv9OoMaZW4
76,COVID-19 Mental Health,Episode 076: COVID-19 Mental Health,"Anxiety, OCD & stress",https://www.youtube.com/@psychiatrypsychotherapy6939/search?query=Psychiatry+Psychotherapy+Podcast+Episode+076%3A+COVID-19+Mental+Health,https://www.youtube.com/watch?v=W6pNUNPZ7vs
77,Getting Better Therapy Results,Episode 077: Getting Better Therapy Results,Other & special topics,https://www.youtube.com/@psychiatrypsychotherapy6939/search?query=Psychiatry+Psychotherapy+Podcast+Episode+077%3A+Getting+Better+Therapy+Results,https://www.youtube.com/watch?v=gdhg97_RKwQ
78,COVID-19 and the Brain,Episode 078: COVID-19 and the Brain,Neuroscience & the brain,https://www.youtube.com/@psychiatrypsychotherapy6939/search?query=Psychiatry+Psychotherapy+Podcast+Episode+078%3A+COVID-19+and+the+Brain,https://www.youtube.com/watch?v=FUw6b_QZW2s
79,Tough Conversations in COVID-19,Episode 079: Tough Conversations in COVID-19,Other & special topics,https://www.youtube.com/@psychiatrypsychotherapy6939/search?query=Psychiatry+Psychotherapy+Podcast+Episode+079%3A+Tough+Conversations+in+COVID-19,https://www.youtube.com/watch?v=gsI3fw8fj-U
80,Meaning in Crisis,Episode 080: Meaning in Crisis,Clinician wellbeing & professional growth,https://www.youtube.com/@psychiatrypsychotherapy6939/search?query=Psychiatry+Psychotherapy+Podcast+Episode+080%3A+Meaning+in+Crisis,https://www.youtube.com/watch?v=GSNxceY-JoE
81,Unemployment Depression and Suicide,Episode 081: Unemployment Depression and Suicide,Mood & bipolar; suicide,https://www.youtube.com/@psychiatrypsychotherapy6939/search?query=Psychiatry+Psychotherapy+Podcast+Episode+081%3A+Unemployment+Depression+and+Suicide,https://www.youtube.com/watch?v=lGbKbeh4CwE
82,Mental Pain and Suicidality,Episode 082: Mental Pain and Suicidality,Foundations & the psychiatric interview,https://www.youtube.com/@psychiatrypsychotherapy6939/search?query=Psychiatry+Psychotherapy+Podcast+Episode+082%3A+Mental+Pain+and+Suicidality,https://www.youtube.com/watch?v=8jwrIf-s3v4
83,Racism and Trauma,Episode 083: Racism and Trauma,Trauma & PTSD,https://www.youtube.com/@psychiatrypsychotherapy6939/search?query=Psychiatry+Psychotherapy+Podcast+Episode+083%3A+Racism+and+Trauma,https://www.youtube.com/watch?v=bnAd_LfHRj0
84,Free Will in Psychiatry Part 1,Episode 084: Free Will in Psychiatry Part 1,Other & special topics,https://www.youtube.com/@psychiatrypsychotherapy6939/search?query=Psychiatry+Psychotherapy+Podcast+Episode+084%3A+Free+Will+in+Psychiatry+Part+1,https://www.youtube.com/watch?v=N9gYwgMkT-k
85,Free Will Part 2,Episode 085: Free Will Part 2,Other & special topics,https://www.youtube.com/@psychiatrypsychotherapy6939/search?query=Psychiatry+Psychotherapy+Podcast+Episode+085%3A+Free+Will+Part+2,https://www.youtube.com/watch?v=zxM9opzlycI
86,Free Will Part 3,Episode 086: Free Will Part 3,Other & special topics,https://www.youtube.com/@psychiatrypsychotherapy6939/search?query=Psychiatry+Psychotherapy+Podcast+Episode+086%3A+Free+Will+Part+3,https://www.youtube.com/watch?v=4HRjlTn1adM
87,Disorganized Attachment Part 1,Episode 087: Disorganized Attachment Part 1,Psychotherapy process — transference & dynamics,https://www.youtube.com/@psychiatrypsychotherapy6939/search?query=Psychiatry+Psychotherapy+Podcast+Episode+087%3A+Disorganized+Attachment+Part+1,https://www.youtube.com/watch?v=ZS45l18sWAg
88,Disorganized Attachment Part 2,Episode 088: Disorganized Attachment Part 2,Psychotherapy process — transference & dynamics,https://www.youtube.com/@psychiatrypsychotherapy6939/search?query=Psychiatry+Psychotherapy+Podcast+Episode+088%3A+Disorganized+Attachment+Part+2,https://www.youtube.com/watch?v=Y3eW7mvX4f0
89,How to Retire Happy,Episode 089: How to Retire Happy,Other & special topics,https://www.youtube.com/@psychiatrypsychotherapy6939/search?query=Psychiatry+Psychotherapy+Podcast+Episode+089%3A+How+to+Retire+Happy,
90,How to Rock the USMLE,Episode 090: How to Rock the USMLE,"Anxiety, OCD & stress",https://www.youtube.com/@psychiatrypsychotherapy6939/search?query=Psychiatry+Psychotherapy+Podcast+Episode+090%3A+How+to+Rock+the+USMLE,https://www.youtube.com/watch?v=kyJcF5GQLT8
91,Tricyclic Antidepressants,Episode 091: Tricyclic Antidepressants,Mood & bipolar; suicide,https://www.youtube.com/@psychiatrypsychotherapy6939/search?query=Psychiatry+Psychotherapy+Podcast+Episode+091%3A+Tricyclic+Antidepressants,https://www.youtube.com/watch?v=ClU2wUvw9wk
92,Big Five Neuroticism Part 1,Episode 092: Big Five Neuroticism Part 1,Foundations & the psychiatric interview,https://www.youtube.com/@psychiatrypsychotherapy6939/search?query=Psychiatry+Psychotherapy+Podcast+Episode+092%3A+Big+Five+Neuroticism+Part+1,https://www.youtube.com/watch?v=kxGGuQgfBUk
93,Forensic Pedophilia,Episode 093: Forensic Pedophilia,Foundations & the psychiatric interview,https://www.youtube.com/@psychiatrypsychotherapy6939/search?query=Psychiatry+Psychotherapy+Podcast+Episode+093%3A+Forensic+Pedophilia,https://www.youtube.com/watch?v=fZ5CkBfuXbU
94,Oversexualization of Children,Episode 094: Oversexualization of Children,"Child, adolescent & development",https://www.youtube.com/@psychiatrypsychotherapy6939/search?query=Psychiatry+Psychotherapy+Podcast+Episode+094%3A+Oversexualization+of+Children,https://www.youtube.com/watch?v=W1YeewVRSsU
95,Big Five Neuroticism Part 2,Episode 095: Big Five Neuroticism Part 2,Foundations & the psychiatric interview,https://www.youtube.com/@psychiatrypsychotherapy6939/search?query=Psychiatry+Psychotherapy+Podcast+Episode+095%3A+Big+Five+Neuroticism+Part+2,https://www.youtube.com/watch?v=t-rKwbtHF8k
96,Best Exercise for Depression,Episode 096: Best Exercise for Depression,Mood & bipolar; suicide,https://www.youtube.com/@psychiatrypsychotherapy6939/search?query=Psychiatry+Psychotherapy+Podcast+Episode+096%3A+Best+Exercise+for+Depression,https://www.youtube.com/watch?v=n1pxAsGo4Dw
97,Big Five Conscientiousness Part 1,Episode 097: Big Five Conscientiousness Part 1,Foundations & the psychiatric interview,https://www.youtube.com/@psychiatrypsychotherapy6939/search?query=Psychiatry+Psychotherapy+Podcast+Episode+097%3A+Big+Five+Conscientiousness+Part+1,https://www.youtube.com/watch?v=Rb7JuaarA7s
98,Big Five Openness,Episode 098: Big Five Openness,Foundations & the psychiatric interview,https://www.youtube.com/@psychiatrypsychotherapy6939/search?query=Psychiatry+Psychotherapy+Podcast+Episode+098%3A+Big+Five+Openness,https://www.youtube.com/watch?v=kE7UYVy7hPU
99,Big Five Conscientiousness Part 2,Episode 099: Big Five Conscientiousness Part 2,"Child, adolescent & development",https://www.youtube.com/@psychiatrypsychotherapy6939/search?query=Psychiatry+Psychotherapy+Podcast+Episode+099%3A+Big+Five+Conscientiousness+Part+2,https://www.youtube.com/watch?v=QsbuCMJs56o
100,Big Five Agreeableness,Episode 100: Big Five Agreeableness,Foundations & the psychiatric interview,https://www.youtube.com/@psychiatrypsychotherapy6939/search?query=Psychiatry+Psychotherapy+Podcast+Episode+100%3A+Big+Five+Agreeableness,https://www.youtube.com/watch?v=iMNk2Z7h_GM
101,Big Five Extraversion,Episode 101: Big Five Extraversion,Foundations & the psychiatric interview,https://www.youtube.com/@psychiatrypsychotherapy6939/search?query=Psychiatry+Psychotherapy+Podcast+Episode+101%3A+Big+Five+Extraversion,https://www.youtube.com/watch?v=rsC9WT4K1LU
102,Anticholinergic Burden,Episode 102: Anticholinergic Burden,Psychopharmacology,https://www.youtube.com/@psychiatrypsychotherapy6939/search?query=Psychiatry+Psychotherapy+Podcast+Episode+102%3A+Anticholinergic+Burden,https://www.youtube.com/watch?v=K_e_aKu2Wu0
103,Acceptance and Commitment Therapy,Episode 103: Acceptance and Commitment Therapy,Foundations & the psychiatric interview,https://www.youtube.com/@psychiatrypsychotherapy6939/search?query=Psychiatry+Psychotherapy+Podcast+Episode+103%3A+Acceptance+and+Commitment+Therapy,https://www.youtube.com/watch?v=5TAYCeD1QGs
104,Psilocybin Therapy Part 1,Episode 104: Psilocybin Therapy Part 1,Other & special topics,https://www.youtube.com/@psychiatrypsychotherapy6939/search?query=Psychiatry+Psychotherapy+Podcast+Episode+104%3A+Psilocybin+Therapy+Part+1,https://www.youtube.com/watch?v=6atRgjYIip0
105,Vulnerability and Imposter Syndrome,Episode 105: Vulnerability and Imposter Syndrome,Other & special topics,https://www.youtube.com/@psychiatrypsychotherapy6939/search?query=Psychiatry+Psychotherapy+Podcast+Episode+105%3A+Vulnerability+and+Imposter+Syndrome,https://www.youtube.com/watch?v=LqA5PPtoFkY
106,Psilocybin Therapy Part 2,Episode 106: Psilocybin Therapy Part 2,Psychopharmacology,https://www.youtube.com/@psychiatrypsychotherapy6939/search?query=Psychiatry+Psychotherapy+Podcast+Episode+106%3A+Psilocybin+Therapy+Part+2,https://www.youtube.com/watch?v=XC7KP43U3DY
107,Hero's Journey,Episode 107: Hero's Journey,Other & special topics,https://www.youtube.com/@psychiatrypsychotherapy6939/search?query=Psychiatry+Psychotherapy+Podcast+Episode+107%3A+Hero%27s+Journey,https://www.youtube.com/watch?v=cWXrKYqRUUE
109,SNRIs Deep Dive Part 1,Episode 109: SNRIs Deep Dive Part 1,Psychopharmacology,https://www.youtube.com/@psychiatrypsychotherapy6939/search?query=Psychiatry+Psychotherapy+Podcast+Episode+109%3A+SNRIs+Deep+Dive+Part+1,https://www.youtube.com/watch?v=MsOVGtstdEM
110,Hero's Journey for Professionals,Episode 110: Hero's Journey for Professionals,"Child, adolescent & development",https://www.youtube.com/@psychiatrypsychotherapy6939/search?query=Psychiatry+Psychotherapy+Podcast+Episode+110%3A+Hero%27s+Journey+for+Professionals,https://www.youtube.com/watch?v=XX-eDb6JLjY
112,SNRIs Deep Dive Part 2,Episode 112: SNRIs Deep Dive Part 2,Psychopharmacology,https://www.youtube.com/@psychiatrypsychotherapy6939/search?query=Psychiatry+Psychotherapy+Podcast+Episode+112%3A+SNRIs+Deep+Dive+Part+2,https://www.youtube.com/watch?v=5a8BdHV9Go0
113,Man's Search for Meaning,Episode 113: Man's Search for Meaning,Other & special topics,https://www.youtube.com/@psychiatrypsychotherapy6939/search?query=Psychiatry+Psychotherapy+Podcast+Episode+113%3A+Man%27s+Search+for+Meaning,https://www.youtube.com/watch?v=r_cm4K8hzZk
114,Female Psychopathy,Episode 114: Female Psychopathy,Foundations & the psychiatric interview,https://www.youtube.com/@psychiatrypsychotherapy6939/search?query=Psychiatry+Psychotherapy+Podcast+Episode+114%3A+Female+Psychopathy,https://www.youtube.com/watch?v=7c3SwebWYtQ
115,Borderline Personality Disorder Overview,Episode 115: Borderline Personality Disorder Overview,Personality,https://www.youtube.com/@psychiatrypsychotherapy6939/search?query=Psychiatry+Psychotherapy+Podcast+Episode+115%3A+Borderline+Personality+Disorder+Overview,https://www.youtube.com/watch?v=dfSLHXaPTek
116,Psychopathy Expert Interview,Episode 116: Psychopathy Expert Interview,Foundations & the psychiatric interview,https://www.youtube.com/@psychiatrypsychotherapy6939/search?query=Psychiatry+Psychotherapy+Podcast+Episode+116%3A+Psychopathy+Expert+Interview,https://www.youtube.com/watch?v=Mgw9rHHjjqg
117,Psychotic Disorders Comorbidity,Episode 117: Psychotic Disorders Comorbidity,Psychosis & schizophrenia,https://www.youtube.com/@psychiatrypsychotherapy6939/search?query=Psychiatry+Psychotherapy+Podcast+Episode+117%3A+Psychotic+Disorders+Comorbidity,https://www.youtube.com/watch?v=u-w8TrQY34A
118,Microexpressions for Empathy,Episode 118: Microexpressions for Empathy,Foundations & the psychiatric interview,https://www.youtube.com/@psychiatrypsychotherapy6939/search?query=Psychiatry+Psychotherapy+Podcast+Episode+118%3A+Microexpressions+for+Empathy,https://www.youtube.com/watch?v=jEOU_ukX61s
119,Obsessive Compulsive Disorder,Episode 119: Obsessive Compulsive Disorder,"Anxiety, OCD & stress",https://www.youtube.com/@psychiatrypsychotherapy6939/search?query=Psychiatry+Psychotherapy+Podcast+Episode+119%3A+Obsessive+Compulsive+Disorder,
120,Marcus Aurelius Meditations,Episode 120: Marcus Aurelius Meditations,Other & special topics,https://www.youtube.com/@psychiatrypsychotherapy6939/search?query=Psychiatry+Psychotherapy+Podcast+Episode+120%3A+Marcus+Aurelius+Meditations,https://www.youtube.com/watch?v=-qsiRkjzjNM
121,Britney Spears Conservatorship,Episode 121: Britney Spears Conservatorship,Other & special topics,https://www.youtube.com/@psychiatrypsychotherapy6939/search?query=Psychiatry+Psychotherapy+Podcast+Episode+121%3A+Britney+Spears+Conservatorship,https://www.youtube.com/watch?v=KKpTQIgj_EE
122,Alzheimer's Dementia,Episode 122: Alzheimer's Dementia,Other & special topics,https://www.youtube.com/@psychiatrypsychotherapy6939/search?query=Psychiatry+Psychotherapy+Podcast+Episode+122%3A+Alzheimer%27s+Dementia,https://www.youtube.com/watch?v=4qGRGtiuIDg
122,Bipolar I and II - Diagnosis and Treatment,Episode 122: Bipolar I and II - Diagnosis and Treatment,Mood & bipolar; suicide,https://www.youtube.com/@psychiatrypsychotherapy6939/search?query=Psychiatry+Psychotherapy+Podcast+Episode+122%3A+Bipolar+I+and+II+-+Diagnosis+and+Treatment,
123,Mass Shootings Research,Episode 123: Mass Shootings Research,Other & special topics,https://www.youtube.com/@psychiatrypsychotherapy6939/search?query=Psychiatry+Psychotherapy+Podcast+Episode+123%3A+Mass+Shootings+Research,https://www.youtube.com/watch?v=9EQ6XjSZOiE
124,Sleep Medications and Insomnia,Episode 124: Sleep Medications and Insomnia,Psychopharmacology,https://www.youtube.com/@psychiatrypsychotherapy6939/search?query=Psychiatry+Psychotherapy+Podcast+Episode+124%3A+Sleep+Medications+and+Insomnia,https://www.youtube.com/watch?v=yXJxkQqXRtY
125,Treating VIP Patients,Episode 125: Treating VIP Patients,Other & special topics,https://www.youtube.com/@psychiatrypsychotherapy6939/search?query=Psychiatry+Psychotherapy+Podcast+Episode+125%3A+Treating+VIP+Patients,https://www.youtube.com/watch?v=WFzhMU2z7Pw
126,OCD Psychotherapy,Episode 126: OCD Psychotherapy,"Anxiety, OCD & stress",https://www.youtube.com/@psychiatrypsychotherapy6939/search?query=Psychiatry+Psychotherapy+Podcast+Episode+126%3A+OCD+Psychotherapy,
127,Antipsychotic Plasma Levels,Episode 127: Antipsychotic Plasma Levels,Psychosis & schizophrenia,https://www.youtube.com/@psychiatrypsychotherapy6939/search?query=Psychiatry+Psychotherapy+Podcast+Episode+127%3A+Antipsychotic+Plasma+Levels,https://www.youtube.com/watch?v=ScTU1TaCH30
128,Crime and Punishment,Episode 128: Crime and Punishment,Other & special topics,https://www.youtube.com/@psychiatrypsychotherapy6939/search?query=Psychiatry+Psychotherapy+Podcast+Episode+128%3A+Crime+and+Punishment,https://www.youtube.com/watch?v=eGefv4fjE20
129,Complex Psychosis Management,Episode 129: Complex Psychosis Management,Psychosis & schizophrenia,https://www.youtube.com/@psychiatrypsychotherapy6939/search?query=Psychiatry+Psychotherapy+Podcast+Episode+129%3A+Complex+Psychosis+Management,https://www.youtube.com/watch?v=TW5RuzvZ4aw
130,Schema Therapy for BPD,Episode 130: Schema Therapy for BPD,Personality,https://www.youtube.com/@psychiatrypsychotherapy6939/search?query=Psychiatry+Psychotherapy+Podcast+Episode+130%3A+Schema+Therapy+for+BPD,https://www.youtube.com/watch?v=AOJaCM-GiMo
131,Diet for Depression and Anxiety,Episode 131: Diet for Depression and Anxiety,Mood & bipolar; suicide,https://www.youtube.com/@psychiatrypsychotherapy6939/search?query=Psychiatry+Psychotherapy+Podcast+Episode+131%3A+Diet+for+Depression+and+Anxiety,https://www.youtube.com/watch?v=PCDuyanhr-w
132,Practical Psychopharmacology,Episode 132: Practical Psychopharmacology,Psychopharmacology,https://www.youtube.com/@psychiatrypsychotherapy6939/search?query=Psychiatry+Psychotherapy+Podcast+Episode+132%3A+Practical+Psychopharmacology,https://www.youtube.com/watch?v=W1XhEaBLnZI
133,Blitzed - Drugs in Nazi Germany,Episode 133: Blitzed - Drugs in Nazi Germany,Substance use & addiction,https://www.youtube.com/@psychiatrypsychotherapy6939/search?query=Psychiatry+Psychotherapy+Podcast+Episode+133%3A+Blitzed+-+Drugs+in+Nazi+Germany,https://www.youtube.com/watch?v=8FpRSd0YQOo
134,Strengths of Dyslexia,Episode 134: Strengths of Dyslexia,Neuroscience & the brain,https://www.youtube.com/@psychiatrypsychotherapy6939/search?query=Psychiatry+Psychotherapy+Podcast+Episode+134%3A+Strengths+of+Dyslexia,https://www.youtube.com/watch?v=DBReAcmaXcE
135,From Survive to Thrive,Episode 135: From Survive to Thrive,Clinician wellbeing & professional growth,https://www.youtube.com/@psychiatrypsychotherapy6939/search?query=Psychiatry+Psychotherapy+Podcast+Episode+135%3A+From+Survive+to+Thrive,https://www.youtube.com/watch?v=7yHOrRleEOo
136,Turn Autism Around,Episode 136: Turn Autism Around,"Child, adolescent & development",https://www.youtube.com/@psychiatrypsychotherapy6939/search?query=Psychiatry+Psychotherapy+Podcast+Episode+136%3A+Turn+Autism+Around,https://www.youtube.com/watch?v=fmVaXoLwfaY
137,Ketamine Update,Episode 137: Ketamine Update,Mood & bipolar; suicide,https://www.youtube.com/@psychiatrypsychotherapy6939/search?query=Psychiatry+Psychotherapy+Podcast+Episode+137%3A+Ketamine+Update,https://www.youtube.com/watch?v=2mw7Fv8N-WU
138,Spiritual Struggles in Therapy,Episode 138: Spiritual Struggles in Therapy,Other & special topics,https://www.youtube.com/@psychiatrypsychotherapy6939/search?query=Psychiatry+Psychotherapy+Podcast+Episode+138%3A+Spiritual+Struggles+in+Therapy,https://www.youtube.com/watch?v=K4ZULYyJTJI
139,Affective Neuroscience,Episode 139: Affective Neuroscience,Neuroscience & the brain,https://www.youtube.com/@psychiatrypsychotherapy6939/search?query=Psychiatry+Psychotherapy+Podcast+Episode+139%3A+Affective+Neuroscience,https://www.youtube.com/watch?v=hTmUZF2zJrk
140,BPD Common Factors,Episode 140: BPD Common Factors,Personality,https://www.youtube.com/@psychiatrypsychotherapy6939/search?query=Psychiatry+Psychotherapy+Podcast+Episode+140%3A+BPD+Common+Factors,https://www.youtube.com/watch?v=VE8ObBUp96c
141,Psychopharmacology Mediators,Episode 141: Psychopharmacology Mediators,Psychopharmacology,https://www.youtube.com/@psychiatrypsychotherapy6939/search?query=Psychiatry+Psychotherapy+Podcast+Episode+141%3A+Psychopharmacology+Mediators,https://www.youtube.com/watch?v=jmrOCOOEEjA
142,Exercise as Medicine,Episode 142: Exercise as Medicine,Other & special topics,https://www.youtube.com/@psychiatrypsychotherapy6939/search?query=Psychiatry+Psychotherapy+Podcast+Episode+142%3A+Exercise+as+Medicine,https://www.youtube.com/watch?v=YQrhLzKcDW4
143,Schizophrenia Overdiagnosis in Black Patients,Episode 143: Schizophrenia Overdiagnosis in Black Patients,Psychosis & schizophrenia,https://www.youtube.com/@psychiatrypsychotherapy6939/search?query=Psychiatry+Psychotherapy+Podcast+Episode+143%3A+Schizophrenia+Overdiagnosis+in+Black+Patients,https://www.youtube.com/watch?v=RPqWgAoaAlo
144,Psychodynamic Therapy Evidence,Episode 144: Psychodynamic Therapy Evidence,Psychotherapy process — transference & dynamics,https://www.youtube.com/@psychiatrypsychotherapy6939/search?query=Psychiatry+Psychotherapy+Podcast+Episode+144%3A+Psychodynamic+Therapy+Evidence,https://www.youtube.com/watch?v=Wxmzk8IE0ew
145,Managing Inpatient Aggression,Episode 145: Managing Inpatient Aggression,Psychopharmacology,https://www.youtube.com/@psychiatrypsychotherapy6939/search?query=Psychiatry+Psychotherapy+Podcast+Episode+145%3A+Managing+Inpatient+Aggression,https://www.youtube.com/watch?v=5CwSReUrvjY
148,Karen Horney,Episode 148: Karen Horney,Personality,https://www.youtube.com/@psychiatrypsychotherapy6939/search?query=Psychiatry+Psychotherapy+Podcast+Episode+148%3A+Karen+Horney,https://www.youtube.com/watch?v=AiuntNGdc10
150,Couples Therapy Approaches,Episode 150: Couples Therapy Approaches,Other & special topics,https://www.youtube.com/@psychiatrypsychotherapy6939/search?query=Psychiatry+Psychotherapy+Podcast+Episode+150%3A+Couples+Therapy+Approaches,https://www.youtube.com/watch?v=KQ8d_fxKIbw
151,Learning Psychotherapy,Episode 151: Learning Psychotherapy,Other & special topics,https://www.youtube.com/@psychiatrypsychotherapy6939/search?query=Psychiatry+Psychotherapy+Podcast+Episode+151%3A+Learning+Psychotherapy,https://www.youtube.com/watch?v=NAjJP_recak
152,ECT Efficacy and Controversies,Episode 152: ECT Efficacy and Controversies,Psychopharmacology,https://www.youtube.com/@psychiatrypsychotherapy6939/search?query=Psychiatry+Psychotherapy+Podcast+Episode+152%3A+ECT+Efficacy+and+Controversies,https://www.youtube.com/watch?v=QynkM07nvk0
153,Consciousness and Emotion,Episode 153: Consciousness and Emotion,Neuroscience & the brain,https://www.youtube.com/@psychiatrypsychotherapy6939/search?query=Psychiatry+Psychotherapy+Podcast+Episode+153%3A+Consciousness+and+Emotion,https://www.youtube.com/watch?v=G70CLtf2RYo
154,Integrating Psychotherapy,Episode 154: Integrating Psychotherapy,Other & special topics,https://www.youtube.com/@psychiatrypsychotherapy6939/search?query=Psychiatry+Psychotherapy+Podcast+Episode+154%3A+Integrating+Psychotherapy,https://www.youtube.com/watch?v=p2XkYUZRsJ0
155,Is Depression Chemical Imbalance?,Episode 155: Is Depression Chemical Imbalance?,Mood & bipolar; suicide,https://www.youtube.com/@psychiatrypsychotherapy6939/search?query=Psychiatry+Psychotherapy+Podcast+Episode+155%3A+Is+Depression+Chemical+Imbalance%3F,https://www.youtube.com/watch?v=AnZ98Iq7CV4
156,What Causes Mass Shootings,Episode 156: What Causes Mass Shootings,Other & special topics,https://www.youtube.com/@psychiatrypsychotherapy6939/search?query=Psychiatry+Psychotherapy+Podcast+Episode+156%3A+What+Causes+Mass+Shootings,https://www.youtube.com/watch?v=ojyFnZG-loc
157,Polypharmacy in Psychiatry,Episode 157: Polypharmacy in Psychiatry,Psychopharmacology,https://www.youtube.com/@psychiatrypsychotherapy6939/search?query=Psychiatry+Psychotherapy+Podcast+Episode+157%3A+Polypharmacy+in+Psychiatry,https://www.youtube.com/watch?v=s-N87s9VJ0s
158,Obesity and Weight Loss,Episode 158: Obesity and Weight Loss,Other & special topics,https://www.youtube.com/@psychiatrypsychotherapy6939/search?query=Psychiatry+Psychotherapy+Podcast+Episode+158%3A+Obesity+and+Weight+Loss,https://www.youtube.com/watch?v=tmCH6ti1K2c
159,Parental Alienation,Episode 159: Parental Alienation,"Child, adolescent & development",https://www.youtube.com/@psychiatrypsychotherapy6939/search?query=Psychiatry+Psychotherapy+Podcast+Episode+159%3A+Parental+Alienation,https://www.youtube.com/watch?v=y5HOCMWYjtY
160,Psychology of Catfishing,Episode 160: Psychology of Catfishing,Other & special topics,https://www.youtube.com/@psychiatrypsychotherapy6939/search?query=Psychiatry+Psychotherapy+Podcast+Episode+160%3A+Psychology+of+Catfishing,https://www.youtube.com/watch?v=VPrysQ-XT3c
161,Conrad Roy Case Analysis,Episode 161: Conrad Roy Case Analysis,Mood & bipolar; suicide,https://www.youtube.com/@psychiatrypsychotherapy6939/search?query=Psychiatry+Psychotherapy+Podcast+Episode+161%3A+Conrad+Roy+Case+Analysis,https://www.youtube.com/watch?v=Ri3Z-2nLssk
162,The Autism Wave,Episode 162: The Autism Wave,"Child, adolescent & development",https://www.youtube.com/@psychiatrypsychotherapy6939/search?query=Psychiatry+Psychotherapy+Podcast+Episode+162%3A+The+Autism+Wave,https://www.youtube.com/watch?v=UlmNqJqEC-Y
163,Ketogenic Diet for Mental Health,Episode 163: Ketogenic Diet for Mental Health,Other & special topics,https://www.youtube.com/@psychiatrypsychotherapy6939/search?query=Psychiatry+Psychotherapy+Podcast+Episode+163%3A+Ketogenic+Diet+for+Mental+Health,https://www.youtube.com/watch?v=T89FWNZjKcM
164,Listening Psychodynamically,Episode 164: Listening Psychodynamically,Psychotherapy process — transference & dynamics,https://www.youtube.com/@psychiatrypsychotherapy6939/search?query=Psychiatry+Psychotherapy+Podcast+Episode+164%3A+Listening+Psychodynamically,https://www.youtube.com/watch?v=8PKUD6XVHz4
165,Exercise for the Brain,Episode 165: Exercise for the Brain,Neuroscience & the brain,https://www.youtube.com/@psychiatrypsychotherapy6939/search?query=Psychiatry+Psychotherapy+Podcast+Episode+165%3A+Exercise+for+the+Brain,https://www.youtube.com/watch?v=NdNJ7F8bmdo
166,Identifying Malingering,Episode 166: Identifying Malingering,Foundations & the psychiatric interview,https://www.youtube.com/@psychiatrypsychotherapy6939/search?query=Psychiatry+Psychotherapy+Podcast+Episode+166%3A+Identifying+Malingering,https://www.youtube.com/watch?v=RpFBtfFezEY
167,Long-Acting Injectables,Episode 167: Long-Acting Injectables,Psychosis & schizophrenia,https://www.youtube.com/@psychiatrypsychotherapy6939/search?query=Psychiatry+Psychotherapy+Podcast+Episode+167%3A+Long-Acting+Injectables,https://www.youtube.com/watch?v=Qf53Cajvfbc
168,Obsessive-Compulsive Personality,Episode 168: Obsessive-Compulsive Personality,Psychotherapy process — transference & dynamics,https://www.youtube.com/@psychiatrypsychotherapy6939/search?query=Psychiatry+Psychotherapy+Podcast+Episode+168%3A+Obsessive-Compulsive+Personality,https://www.youtube.com/watch?v=4ZRLXSZZECo
169,Social Anxiety Treatment,Episode 169: Social Anxiety Treatment,"Anxiety, OCD & stress",https://www.youtube.com/@psychiatrypsychotherapy6939/search?query=Psychiatry+Psychotherapy+Podcast+Episode+169%3A+Social+Anxiety+Treatment,https://www.youtube.com/watch?v=4hR4UUz70KI
170,Using Transference,Episode 170: Using Transference,Psychotherapy process — transference & dynamics,https://www.youtube.com/@psychiatrypsychotherapy6939/search?query=Psychiatry+Psychotherapy+Podcast+Episode+170%3A+Using+Transference,https://www.youtube.com/watch?v=nEw449ACUUo
171,Nancy McWilliams Interview,Episode 171: Nancy McWilliams Interview,Foundations & the psychiatric interview,https://www.youtube.com/@psychiatrypsychotherapy6939/search?query=Psychiatry+Psychotherapy+Podcast+Episode+171%3A+Nancy+McWilliams+Interview,https://www.youtube.com/watch?v=b1M2RBvHMhM
172,Ancient Prisons,Episode 172: Ancient Prisons,Other & special topics,https://www.youtube.com/@psychiatrypsychotherapy6939/search?query=Psychiatry+Psychotherapy+Podcast+Episode+172%3A+Ancient+Prisons,https://www.youtube.com/watch?v=IeahWYAoCW8
173,Real Self-Care,Episode 173: Real Self-Care,Clinician wellbeing & professional growth,https://www.youtube.com/@psychiatrypsychotherapy6939/search?query=Psychiatry+Psychotherapy+Podcast+Episode+173%3A+Real+Self-Care,https://www.youtube.com/watch?v=yVHeHCaNPzs
174,Serotonin Syndrome,Episode 174: Serotonin Syndrome,Psychopharmacology,https://www.youtube.com/@psychiatrypsychotherapy6939/search?query=Psychiatry+Psychotherapy+Podcast+Episode+174%3A+Serotonin+Syndrome,https://www.youtube.com/watch?v=T2zOj6S72bs
175,IOP for Psychosomatic Illness,Episode 175: IOP for Psychosomatic Illness,"Child, adolescent & development",https://www.youtube.com/@psychiatrypsychotherapy6939/search?query=Psychiatry+Psychotherapy+Podcast+Episode+175%3A+IOP+for+Psychosomatic+Illness,https://www.youtube.com/watch?v=WddsbY7QQa8
176,Microdosing Psychedelics,Episode 176: Microdosing Psychedelics,Other & special topics,https://www.youtube.com/@psychiatrypsychotherapy6939/search?query=Psychiatry+Psychotherapy+Podcast+Episode+176%3A+Microdosing+Psychedelics,https://www.youtube.com/watch?v=e4l1TiKnX9s
177,Anxiety Leading to Growth,Episode 177: Anxiety Leading to Growth,Trauma & PTSD,https://www.youtube.com/@psychiatrypsychotherapy6939/search?query=Psychiatry+Psychotherapy+Podcast+Episode+177%3A+Anxiety+Leading+to+Growth,https://www.youtube.com/watch?v=mzEfyoTL_2M
178,Social Anxiety and Blushing,Episode 178: Social Anxiety and Blushing,"Anxiety, OCD & stress",https://www.youtube.com/@psychiatrypsychotherapy6939/search?query=Psychiatry+Psychotherapy+Podcast+Episode+178%3A+Social+Anxiety+and+Blushing,https://www.youtube.com/watch?v=IC3HHazYINo
179,Exercise Mental Health Update,Episode 179: Exercise Mental Health Update,Other & special topics,https://www.youtube.com/@psychiatrypsychotherapy6939/search?query=Psychiatry+Psychotherapy+Podcast+Episode+179%3A+Exercise+Mental+Health+Update,https://www.youtube.com/watch?v=2yU-mVntcnk
180,Psychotherapy for Psychosis,Episode 180: Psychotherapy for Psychosis,Psychosis & schizophrenia,https://www.youtube.com/@psychiatrypsychotherapy6939/search?query=Psychiatry+Psychotherapy+Podcast+Episode+180%3A+Psychotherapy+for+Psychosis,https://www.youtube.com/watch?v=2tW7YYRwyH8
181,Alcohol Use Disorder,Episode 181: Alcohol Use Disorder,Substance use & addiction,https://www.youtube.com/@psychiatrypsychotherapy6939/search?query=Psychiatry+Psychotherapy+Podcast+Episode+181%3A+Alcohol+Use+Disorder,https://www.youtube.com/watch?v=W5-dbQFqVbs
182,Opioid Use Disorder,Episode 182: Opioid Use Disorder,Substance use & addiction,https://www.youtube.com/@psychiatrypsychotherapy6939/search?query=Psychiatry+Psychotherapy+Podcast+Episode+182%3A+Opioid+Use+Disorder,https://www.youtube.com/watch?v=6tLzBZNTvZA
183,Emerging Drugs,Episode 183: Emerging Drugs,Psychopharmacology,https://www.youtube.com/@psychiatrypsychotherapy6939/search?query=Psychiatry+Psychotherapy+Podcast+Episode+183%3A+Emerging+Drugs,https://www.youtube.com/watch?v=0lQlRRSOiZM
184,Pregnancy and Psych Meds,Episode 184: Pregnancy and Psych Meds,Psychopharmacology,https://www.youtube.com/@psychiatrypsychotherapy6939/search?query=Psychiatry+Psychotherapy+Podcast+Episode+184%3A+Pregnancy+and+Psych+Meds,https://www.youtube.com/watch?v=ba8MyUs3I2g
185,Narcissism with Shedler,Episode 185: Narcissism with Shedler,Psychotherapy process — transference & dynamics,https://www.youtube.com/@psychiatrypsychotherapy6939/search?query=Psychiatry+Psychotherapy+Podcast+Episode+185%3A+Narcissism+with+Shedler,https://www.youtube.com/watch?v=KZSD3lauzDo
186,Deliberate Practice in Therapy,Episode 186: Deliberate Practice in Therapy,Other & special topics,https://www.youtube.com/@psychiatrypsychotherapy6939/search?query=Psychiatry+Psychotherapy+Podcast+Episode+186%3A+Deliberate+Practice+in+Therapy,https://www.youtube.com/watch?v=0EiwZRdnIx4
187,Best Diet for Mood Update,Episode 187: Best Diet for Mood Update,Mood & bipolar; suicide,https://www.youtube.com/@psychiatrypsychotherapy6939/search?query=Psychiatry+Psychotherapy+Podcast+Episode+187%3A+Best+Diet+for+Mood+Update,https://www.youtube.com/watch?v=bLS8qhXGU5k
188,Depersonalization and Derealization,Episode 188: Depersonalization and Derealization,Trauma & PTSD,https://www.youtube.com/@psychiatrypsychotherapy6939/search?query=Psychiatry+Psychotherapy+Podcast+Episode+188%3A+Depersonalization+and+Derealization,https://www.youtube.com/watch?v=Vj-Z9du3gJg
189,Non-Violent Communication,Episode 189: Non-Violent Communication,Other & special topics,https://www.youtube.com/@psychiatrypsychotherapy6939/search?query=Psychiatry+Psychotherapy+Podcast+Episode+189%3A+Non-Violent+Communication,
190,Schizophrenia Treatment Equity,Episode 190: Schizophrenia Treatment Equity,Psychosis & schizophrenia,https://www.youtube.com/@psychiatrypsychotherapy6939/search?query=Psychiatry+Psychotherapy+Podcast+Episode+190%3A+Schizophrenia+Treatment+Equity,https://www.youtube.com/watch?v=p9rB9okhhS8
191,Body Dysmorphic Disorder,Episode 191: Body Dysmorphic Disorder,Other & special topics,https://www.youtube.com/@psychiatrypsychotherapy6939/search?query=Psychiatry+Psychotherapy+Podcast+Episode+191%3A+Body+Dysmorphic+Disorder,https://www.youtube.com/watch?v=gOdvEPQs-d4
193,Buprenorphine Management,Episode 193: Buprenorphine Management,Substance use & addiction,https://www.youtube.com/@psychiatrypsychotherapy6939/search?query=Psychiatry+Psychotherapy+Podcast+Episode+193%3A+Buprenorphine+Management,https://www.youtube.com/watch?v=YhKvhaQwUs4
194,Emotionally Focused Therapy,Episode 194: Emotionally Focused Therapy,Psychotherapy process — transference & dynamics,https://www.youtube.com/@psychiatrypsychotherapy6939/search?query=Psychiatry+Psychotherapy+Podcast+Episode+194%3A+Emotionally+Focused+Therapy,https://www.youtube.com/watch?v=wwXroEAMbOU
195,Robert Sapolsky Interview,Episode 195: Robert Sapolsky Interview,Foundations & the psychiatric interview,https://www.youtube.com/@psychiatrypsychotherapy6939/search?query=Psychiatry+Psychotherapy+Podcast+Episode+195%3A+Robert+Sapolsky+Interview,https://www.youtube.com/watch?v=BxpKp0Zp6OA
196,Resisting Conformity,Episode 196: Resisting Conformity,Other & special topics,https://www.youtube.com/@psychiatrypsychotherapy6939/search?query=Psychiatry+Psychotherapy+Podcast+Episode+196%3A+Resisting+Conformity,https://www.youtube.com/watch?v=1LlxOHciMZg
197,Eating Disorders Medical Care,Episode 197: Eating Disorders Medical Care,Foundations & the psychiatric interview,https://www.youtube.com/@psychiatrypsychotherapy6939/search?query=Psychiatry+Psychotherapy+Podcast+Episode+197%3A+Eating+Disorders+Medical+Care,https://www.youtube.com/watch?v=dZOH0jbPXo4
198,Connection in Medical Education,Episode 198: Connection in Medical Education,Psychotherapy process — transference & dynamics,https://www.youtube.com/@psychiatrypsychotherapy6939/search?query=Psychiatry+Psychotherapy+Podcast+Episode+198%3A+Connection+in+Medical+Education,https://www.youtube.com/watch?v=QYEf5vbfDWo
199,Motivational Interviewing,Episode 199: Motivational Interviewing,Foundations & the psychiatric interview,https://www.youtube.com/@psychiatrypsychotherapy6939/search?query=Psychiatry+Psychotherapy+Podcast+Episode+199%3A+Motivational+Interviewing,https://www.youtube.com/watch?v=FpnaJFStVGQ
200,200 Episodes Milestone,Episode 200: 200 Episodes Milestone,Other & special topics,https://www.youtube.com/@psychiatrypsychotherapy6939/search?query=Psychiatry+Psychotherapy+Podcast+Episode+200%3A+200+Episodes+Milestone,https://www.youtube.com/watch?v=zmXNSMvKn_Y
201,Psychotic Depression,Episode 201: Psychotic Depression,Mood & bipolar; suicide,https://www.youtube.com/@psychiatrypsychotherapy6939/search?query=Psychiatry+Psychotherapy+Podcast+Episode+201%3A+Psychotic+Depression,https://www.youtube.com/watch?v=OoXGcXxvojQ
202,CBT with Judith Beck,Episode 202: CBT with Judith Beck,Other & special topics,https://www.youtube.com/@psychiatrypsychotherapy6939/search?query=Psychiatry+Psychotherapy+Podcast+Episode+202%3A+CBT+with+Judith+Beck,https://www.youtube.com/watch?v=hTFPAO8bwYM
203,Adverse Childhood Experiences,Episode 203: Adverse Childhood Experiences,Foundations & the psychiatric interview,https://www.youtube.com/@psychiatrypsychotherapy6939/search?query=Psychiatry+Psychotherapy+Podcast+Episode+203%3A+Adverse+Childhood+Experiences,https://www.youtube.com/watch?v=TuAJ__CrMaE
204,ACEs Part 2,Episode 204: ACEs Part 2,Foundations & the psychiatric interview,https://www.youtube.com/@psychiatrypsychotherapy6939/search?query=Psychiatry+Psychotherapy+Podcast+Episode+204%3A+ACEs+Part+2,https://www.youtube.com/watch?v=xMkt1WyZzAw
205,Beginning Treatment,Episode 205: Beginning Treatment,Psychotherapy process — transference & dynamics,https://www.youtube.com/@psychiatrypsychotherapy6939/search?query=Psychiatry+Psychotherapy+Podcast+Episode+205%3A+Beginning+Treatment,https://www.youtube.com/watch?v=puddZhRgRNI
206,Mentalization-Based Therapy,Episode 206: Mentalization-Based Therapy,Personality,https://www.youtube.com/@psychiatrypsychotherapy6939/search?query=Psychiatry+Psychotherapy+Podcast+Episode+206%3A+Mentalization-Based+Therapy,https://www.youtube.com/watch?v=OlaHnCCi8kE
207,5 Domains of Psychiatric Care,Episode 207: 5 Domains of Psychiatric Care,Foundations & the psychiatric interview,https://www.youtube.com/@psychiatrypsychotherapy6939/search?query=Psychiatry+Psychotherapy+Podcast+Episode+207%3A+5+Domains+of+Psychiatric+Care,https://www.youtube.com/watch?v=3EZEnMDduQs
208,What People Want From Therapy,Episode 208: What People Want From Therapy,Other & special topics,https://www.youtube.com/@psychiatrypsychotherapy6939/search?query=Psychiatry+Psychotherapy+Podcast+Episode+208%3A+What+People+Want+From+Therapy,https://www.youtube.com/watch?v=qWlY0t_quLo
209,Cognitive Processing Therapy,Episode 209: Cognitive Processing Therapy,Psychotherapy process — transference & dynamics,https://www.youtube.com/@psychiatrypsychotherapy6939/search?query=Psychiatry+Psychotherapy+Podcast+Episode+209%3A+Cognitive+Processing+Therapy,https://www.youtube.com/watch?v=-cOXrHsp0Js
210,Q&A with Dr. Cummings,Episode 210: Q&A with Dr. Cummings,Psychopharmacology,https://www.youtube.com/@psychiatrypsychotherapy6939/search?query=Psychiatry+Psychotherapy+Podcast+Episode+210%3A+Q%26A+with+Dr.+Cummings,https://www.youtube.com/watch?v=FOlmOKGCBIE
211,Early Psychosis,Episode 211: Early Psychosis,Psychosis & schizophrenia,https://www.youtube.com/@psychiatrypsychotherapy6939/search?query=Psychiatry+Psychotherapy+Podcast+Episode+211%3A+Early+Psychosis,https://www.youtube.com/watch?v=Pw63OFaC4uQ
212,Bruce Perry on Trauma,Episode 212: Bruce Perry on Trauma,Trauma & PTSD,https://www.youtube.com/@psychiatrypsychotherapy6939/search?query=Psychiatry+Psychotherapy+Podcast+Episode+212%3A+Bruce+Perry+on+Trauma,https://www.youtube.com/watch?v=wH24aM-enzc
213,Reflective Functioning,Episode 213: Reflective Functioning,Foundations & the psychiatric interview,https://www.youtube.com/@psychiatrypsychotherapy6939/search?query=Psychiatry+Psychotherapy+Podcast+Episode+213%3A+Reflective+Functioning,https://www.youtube.com/watch?v=zleBvvm5kfU
214,Q&A Part 2,Episode 214: Q&A Part 2,Psychopharmacology,https://www.youtube.com/@psychiatrypsychotherapy6939/search?query=Psychiatry+Psychotherapy+Podcast+Episode+214%3A+Q%26A+Part+2,https://www.youtube.com/watch?v=KgrpJEcExps
215,Complex PTSD vs BPD,Episode 215: Complex PTSD vs BPD,Foundations & the psychiatric interview,https://www.youtube.com/@psychiatrypsychotherapy6939/search?query=Psychiatry+Psychotherapy+Podcast+Episode+215%3A+Complex+PTSD+vs+BPD,https://www.youtube.com/watch?v=OXDDY5vsm2g
216,Shrink Next Door Analysis,Episode 216: Shrink Next Door Analysis,Other & special topics,https://www.youtube.com/@psychiatrypsychotherapy6939/search?query=Psychiatry+Psychotherapy+Podcast+Episode+216%3A+Shrink+Next+Door+Analysis,https://www.youtube.com/watch?v=1KzTqSTSDoo
217,ACEs and Brain Changes,Episode 217: ACEs and Brain Changes,Foundations & the psychiatric interview,https://www.youtube.com/@psychiatrypsychotherapy6939/search?query=Psychiatry+Psychotherapy+Podcast+Episode+217%3A+ACEs+and+Brain+Changes,https://www.youtube.com/watch?v=kxSSwesz7oQ
218,The Goldwater Rule,Episode 218: The Goldwater Rule,Other & special topics,https://www.youtube.com/@psychiatrypsychotherapy6939/search?query=Psychiatry+Psychotherapy+Podcast+Episode+218%3A+The+Goldwater+Rule,https://www.youtube.com/watch?v=DCKRQ0zC7Qk
219,Eating Disorders Psychology,Episode 219: Eating Disorders Psychology,Clinician wellbeing & professional growth,https://www.youtube.com/@psychiatrypsychotherapy6939/search?query=Psychiatry+Psychotherapy+Podcast+Episode+219%3A+Eating+Disorders+Psychology,https://www.youtube.com/watch?v=6xl4b2v538o
220,Writing for Trauma Healing,Episode 220: Writing for Trauma Healing,Psychotherapy process — transference & dynamics,https://www.youtube.com/@psychiatrypsychotherapy6939/search?query=Psychiatry+Psychotherapy+Podcast+Episode+220%3A+Writing+for+Trauma+Healing,https://www.youtube.com/watch?v=Zk281N43rt8
221,Sauna and Mental Health,Episode 221: Sauna and Mental Health,Other & special topics,https://www.youtube.com/@psychiatrypsychotherapy6939/search?query=Psychiatry+Psychotherapy+Podcast+Episode+221%3A+Sauna+and+Mental+Health,https://www.youtube.com/watch?v=WFqL8Yf-_go
222,Paul Wachtel on Attachment,Episode 222: Paul Wachtel on Attachment,Psychotherapy process — transference & dynamics,https://www.youtube.com/@psychiatrypsychotherapy6939/search?query=Psychiatry+Psychotherapy+Podcast+Episode+222%3A+Paul+Wachtel+on+Attachment,https://www.youtube.com/watch?v=SloGQ88Bi6E
223,Weight Gain from Psych Meds,Episode 223: Weight Gain from Psych Meds,Psychopharmacology,https://www.youtube.com/@psychiatrypsychotherapy6939/search?query=Psychiatry+Psychotherapy+Podcast+Episode+223%3A+Weight+Gain+from+Psych+Meds,https://www.youtube.com/watch?v=JMHLFLCU7Qc
224,BPD Medications and Treatment,Episode 224: BPD Medications and Treatment,Personality,https://www.youtube.com/@psychiatrypsychotherapy6939/search?query=Psychiatry+Psychotherapy+Podcast+Episode+224%3A+BPD+Medications+and+Treatment,https://www.youtube.com/watch?v=EOQXLFdzCUU
225,Inside Out 2 Psychology,Episode 225: Inside Out 2 Psychology,"Child, adolescent & development",https://www.youtube.com/@psychiatrypsychotherapy6939/search?query=Psychiatry+Psychotherapy+Podcast+Episode+225%3A+Inside+Out+2+Psychology,https://www.youtube.com/watch?v=IaRSIGa_pDs
226,Healthcare Burnout,Episode 226: Healthcare Burnout,Clinician wellbeing & professional growth,https://www.youtube.com/@psychiatrypsychotherapy6939/search?query=Psychiatry+Psychotherapy+Podcast+Episode+226%3A+Healthcare+Burnout,https://www.youtube.com/watch?v=LDFch7RSSyY
227,Mentalization for Narcissism,Episode 227: Mentalization for Narcissism,Personality,https://www.youtube.com/@psychiatrypsychotherapy6939/search?query=Psychiatry+Psychotherapy+Podcast+Episode+227%3A+Mentalization+for+Narcissism,https://www.youtube.com/watch?v=fJ3fVZ0GegI
228,OCD Treatment Guide,Episode 228: OCD Treatment Guide,"Anxiety, OCD & stress",https://www.youtube.com/@psychiatrypsychotherapy6939/search?query=Psychiatry+Psychotherapy+Podcast+Episode+228%3A+OCD+Treatment+Guide,https://www.youtube.com/watch?v=flP_z4XByk4
229,Beyond Psychosis Myths,Episode 229: Beyond Psychosis Myths,Psychosis & schizophrenia,https://www.youtube.com/@psychiatrypsychotherapy6939/search?query=Psychiatry+Psychotherapy+Podcast+Episode+229%3A+Beyond+Psychosis+Myths,https://www.youtube.com/watch?v=i0aiGArW9x4
230,Exercise vs Medications,Episode 230: Exercise vs Medications,Mood & bipolar; suicide,https://www.youtube.com/@psychiatrypsychotherapy6939/search?query=Psychiatry+Psychotherapy+Podcast+Episode+230%3A+Exercise+vs+Medications,https://www.youtube.com/watch?v=AC3P-SrTj1M
231,BPD Splitting and Identity,Episode 231: BPD Splitting and Identity,Psychotherapy process — transference & dynamics,https://www.youtube.com/@psychiatrypsychotherapy6939/search?query=Psychiatry+Psychotherapy+Podcast+Episode+231%3A+BPD+Splitting+and+Identity,
232,Cold Exposure Benefits,Episode 232: Cold Exposure Benefits,Neuroscience & the brain,https://www.youtube.com/@psychiatrypsychotherapy6939/search?query=Psychiatry+Psychotherapy+Podcast+Episode+232%3A+Cold+Exposure+Benefits,https://www.youtube.com/watch?v=Xnvy6MA4jGY
233,Therapy Termination,Episode 233: Therapy Termination,Other & special topics,https://www.youtube.com/@psychiatrypsychotherapy6939/search?query=Psychiatry+Psychotherapy+Podcast+Episode+233%3A+Therapy+Termination,https://www.youtube.com/watch?v=uvtw_zsSDjw
234,Transference Focused Psychotherapy,Episode 234: Transference Focused Psychotherapy,Psychotherapy process — transference & dynamics,https://www.youtube.com/@psychiatrypsychotherapy6939/search?query=Psychiatry+Psychotherapy+Podcast+Episode+234%3A+Transference+Focused+Psychotherapy,https://www.youtube.com/watch?v=uyPquOVhO-c
235,Serotonin Hypothesis Debate,Episode 235: Serotonin Hypothesis Debate,Mood & bipolar; suicide,https://www.youtube.com/@psychiatrypsychotherapy6939/search?query=Psychiatry+Psychotherapy+Podcast+Episode+235%3A+Serotonin+Hypothesis+Debate,https://www.youtube.com/watch?v=zrHrjQOIqhw
236,Clozapine Update,Episode 236: Clozapine Update,Psychosis & schizophrenia,https://www.youtube.com/@psychiatrypsychotherapy6939/search?query=Psychiatry+Psychotherapy+Podcast+Episode+236%3A+Clozapine+Update,https://www.youtube.com/watch?v=3nv3XLluQ1Q
237,Ketogenic Diet Review and Update with Dr. Matt Bernstein,Episode 237: Ketogenic Diet Review and Update with Dr. Matt Bernstein,Mood & bipolar; suicide,https://www.youtube.com/@psychiatrypsychotherapy6939/search?query=Psychiatry+Psychotherapy+Podcast+Episode+237%3A+Ketogenic+Diet+Review+and+Update+with+Dr.+Matt+Bernstein,https://www.youtube.com/watch?v=4AtMlzuqiRI
237,Ketogenic Diet Update,Episode 237: Ketogenic Diet Update,Other & special topics,https://www.youtube.com/@psychiatrypsychotherapy6939/search?query=Psychiatry+Psychotherapy+Podcast+Episode+237%3A+Ketogenic+Diet+Update,
238,Creatine and Mental Health,Episode 238: Creatine and Mental Health,Mood & bipolar; suicide,https://www.youtube.com/@psychiatrypsychotherapy6939/search?query=Psychiatry+Psychotherapy+Podcast+Episode+238%3A+Creatine+and+Mental+Health,
238,Creatine for Mental Health,Episode 238: Creatine for Mental Health,Mood & bipolar; suicide,https://www.youtube.com/@psychiatrypsychotherapy6939/search?query=Psychiatry+Psychotherapy+Podcast+Episode+238%3A+Creatine+for+Mental+Health,https://www.youtube.com/watch?v=ZA9IqozNCFI
239,Otto Kernberg on TFP,Episode 239: Otto Kernberg on TFP,Personality,https://www.youtube.com/@psychiatrypsychotherapy6939/search?query=Psychiatry+Psychotherapy+Podcast+Episode+239%3A+Otto+Kernberg+on+TFP,
239,Transference Focused Psychotherapy & Personality Disorders with Dr. Otto Kernberg,Episode 239: Transference Focused Psychotherapy & Personality Disorders with Dr. Otto Kernberg,Psychotherapy process — transference & dynamics,https://www.youtube.com/@psychiatrypsychotherapy6939/search?query=Psychiatry+Psychotherapy+Podcast+Episode+239%3A+Transference+Focused+Psychotherapy+%26+Personality+Disorders+with+Dr.+Otto+Kernberg,https://www.youtube.com/watch?v=uyPquOVhO-c
240,Cannabis and Psychosis,Episode 240: Cannabis and Psychosis,Psychosis & schizophrenia,https://www.youtube.com/@psychiatrypsychotherapy6939/search?query=Psychiatry+Psychotherapy+Podcast+Episode+240%3A+Cannabis+and+Psychosis,
240,Cannabis and Psychosis - The Link Between THC Use and Mental Health Risks,Episode 240: Cannabis and Psychosis - The Link Between THC Use and Mental Health Risks,Psychosis & schizophrenia,https://www.youtube.com/@psychiatrypsychotherapy6939/search?query=Psychiatry+Psychotherapy+Podcast+Episode+240%3A+Cannabis+and+Psychosis+-+The+Link+Between+THC+Use+and+Mental+Health+Risks,https://www.youtube.com/watch?v=cHez9-uS-8I
241,Depressive Personality Style,Episode 241: Depressive Personality Style,Foundations & the psychiatric interview,https://www.youtube.com/@psychiatrypsychotherapy6939/search?query=Psychiatry+Psychotherapy+Podcast+Episode+241%3A+Depressive+Personality+Style,
241,Depressive Personality Style with Jonathan Shedler,Episode 241: Depressive Personality Style with Jonathan Shedler,Mood & bipolar; suicide,https://www.youtube.com/@psychiatrypsychotherapy6939/search?query=Psychiatry+Psychotherapy+Podcast+Episode+241%3A+Depressive+Personality+Style+with+Jonathan+Shedler,https://www.youtube.com/watch?v=J2TiCHMsOls
242,"The Bear - Trauma, Personality, and Attachment with Dr. Eric Bender and Dr. David Puder","Episode 242: The Bear - Trauma, Personality, and Attachment with Dr. Eric Bender and Dr. David Puder",Psychotherapy process — transference & dynamics,https://www.youtube.com/@psychiatrypsychotherapy6939/search?query=Psychiatry+Psychotherapy+Podcast+Episode+242%3A+The+Bear+-+Trauma%2C+Personality%2C+and+Attachment+with+Dr.+Eric+Bender+and+Dr.+David+Puder,https://www.youtube.com/watch?v=IewBzMztsB4
242,The Bear TV Show Analysis,Episode 242: The Bear TV Show Analysis,Psychotherapy process — transference & dynamics,https://www.youtube.com/@psychiatrypsychotherapy6939/search?query=Psychiatry+Psychotherapy+Podcast+Episode+242%3A+The+Bear+TV+Show+Analysis,
243,Catatonia in Children and Teens,Episode 243: Catatonia in Children and Teens,Neuroscience & the brain,https://www.youtube.com/@psychiatrypsychotherapy6939/search?query=Psychiatry+Psychotherapy+Podcast+Episode+243%3A+Catatonia+in+Children+and+Teens,https://www.youtube.com/watch?v=nZCav67MXBs
243,Pediatric Catatonia,Episode 243: Pediatric Catatonia,"Child, adolescent & development",https://www.youtube.com/@psychiatrypsychotherapy6939/search?query=Psychiatry+Psychotherapy+Podcast+Episode+243%3A+Pediatric+Catatonia,
244,Psychodynamic Psychopharmacology - Insights from Dr. David Mintz,Episode 244: Psychodynamic Psychopharmacology - Insights from Dr. David Mintz,Psychotherapy process — transference & dynamics,https://www.youtube.com/@psychiatrypsychotherapy6939/search?query=Psychiatry+Psychotherapy+Podcast+Episode+244%3A+Psychodynamic+Psychopharmacology+-+Insights+from+Dr.+David+Mintz,https://www.youtube.com/watch?v=kqRlbzU3ukw
245,"Regulating Our Emotions as Parents with Alissa Jerud, PhD","Episode 245: Regulating Our Emotions as Parents with Alissa Jerud, PhD","Anxiety, OCD & stress",https://www.youtube.com/@psychiatrypsychotherapy6939/search?query=Psychiatry+Psychotherapy+Podcast+Episode+245%3A+Regulating+Our+Emotions+as+Parents+with+Alissa+Jerud%2C+PhD,https://www.youtube.com/watch?v=9CalH5Qzc-Y
246,"Cannabis and Depression, Anxiety, PTSD, Sleep, and Cognitive Function Update and Review","Episode 246: Cannabis and Depression, Anxiety, PTSD, Sleep, and Cognitive Function Update and Review",Trauma & PTSD,https://www.youtube.com/@psychiatrypsychotherapy6939/search?query=Psychiatry+Psychotherapy+Podcast+Episode+246%3A+Cannabis+and+Depression%2C+Anxiety%2C+PTSD%2C+Sleep%2C+and+Cognitive+Function+Update+and+Review,https://www.youtube.com/watch?v=lnbindCcQbM
247,Identity Diffusion Borderline Personality Organization,Episode 247: Identity Diffusion Borderline Personality Organization,Personality,https://www.youtube.com/@psychiatrypsychotherapy6939/search?query=Psychiatry+Psychotherapy+Podcast+Episode+247%3A+Identity+Diffusion+Borderline+Personality+Organization,https://www.youtube.com/watch?v=4pR4E8s0dgQ
248,Understanding Real Event OCD - When the Past Fuels Obsession,Episode 248: Understanding Real Event OCD - When the Past Fuels Obsession,"Anxiety, OCD & stress",https://www.youtube.com/@psychiatrypsychotherapy6939/search?query=Psychiatry+Psychotherapy+Podcast+Episode+248%3A+Understanding+Real+Event+OCD+-+When+the+Past+Fuels+Obsession,https://www.youtube.com/watch?v=bYZwFZ4ZKGs
249,Intergenerational Trauma Explained - The Role of Reflective Function and Mentalization in Healing Attachment,Episode 249: Intergenerational Trauma Explained - The Role of Reflective Function and Mentalization in Healing Attachment,Psychotherapy process — transference & dynamics,https://www.youtube.com/@psychiatrypsychotherapy6939/search?query=Psychiatry+Psychotherapy+Podcast+Episode+249%3A+Intergenerational+Trauma+Explained+-+The+Role+of+Reflective+Function+and+Mentalization+in+Healing+Attachment,https://www.youtube.com/watch?v=2S9wXrEJOIY
250,"Devaluation, Transference, Narcissism with Diana Diamond","Episode 250: Devaluation, Transference, Narcissism with Diana Diamond",Psychotherapy process — transference & dynamics,https://www.youtube.com/@psychiatrypsychotherapy6939/search?query=Psychiatry+Psychotherapy+Podcast+Episode+250%3A+Devaluation%2C+Transference%2C+Narcissism+with+Diana+Diamond,https://www.youtube.com/watch?v=oy-2eDCZaQY
251,Combatting the Negative Effects of Sleep Deprivation,Episode 251: Combatting the Negative Effects of Sleep Deprivation,Other & special topics,https://www.youtube.com/@psychiatrypsychotherapy6939/search?query=Psychiatry+Psychotherapy+Podcast+Episode+251%3A+Combatting+the+Negative+Effects+of+Sleep+Deprivation,https://www.youtube.com/watch?v=WPbIGywn-MI
252,Genetic and Environmental Influences of Schizophrenia,Episode 252: Genetic and Environmental Influences of Schizophrenia,Psychosis & schizophrenia,https://www.youtube.com/@psychiatrypsychotherapy6939/search?query=Psychiatry+Psychotherapy+Podcast+Episode+252%3A+Genetic+and+Environmental+Influences+of+Schizophrenia,https://www.youtube.com/watch?v=MZ90Gthvj8w
253,AI Psychosis - Emerging Cases of Delusion Amplification Associated with ChatGPT and LLM Chatbot Use,Episode 253: AI Psychosis - Emerging Cases of Delusion Amplification Associated with ChatGPT and LLM Chatbot Use,Psychosis & schizophrenia,https://www.youtube.com/@psychiatrypsychotherapy6939/search?query=Psychiatry+Psychotherapy+Podcast+Episode+253%3A+AI+Psychosis+-+Emerging+Cases+of+Delusion+Amplification+Associated+with+ChatGPT+and+LLM+Chatbot+Use,https://www.youtube.com/watch?v=CllJPWmm9So
254,"Countertransference and Transference with Frank Yeomans, MD","Episode 254: Countertransference and Transference with Frank Yeomans, MD",Psychotherapy process — transference & dynamics,https://www.youtube.com/@psychiatrypsychotherapy6939/search?query=Psychiatry+Psychotherapy+Podcast+Episode+254%3A+Countertransference+and+Transference+with+Frank+Yeomans%2C+MD,https://www.youtube.com/watch?v=P3nUeqD7l0Q
255,Disavowed Anger and Positive Emotions with Paul Wachtel,Episode 255: Disavowed Anger and Positive Emotions with Paul Wachtel,Other & special topics,https://www.youtube.com/@psychiatrypsychotherapy6939/search?query=Psychiatry+Psychotherapy+Podcast+Episode+255%3A+Disavowed+Anger+and+Positive+Emotions+with+Paul+Wachtel,https://www.youtube.com/watch?v=5TQKQslAFmA
,Adolescent Depression: A Different Disease,Adolescent Depression: A Different Disease,Mood & bipolar; suicide,https://www.youtube.com/@psychiatrypsychotherapy6939/search?query=Psychiatry+Psychotherapy+Podcast+Adolescent+Depression%3A+A+Different+Disease,
,Adolescent Depression: Developmental Considerations,Adolescent Depression: Developmental Considerations,Mood & bipolar; suicide,https://www.youtube.com/@psychiatrypsychotherapy6939/search?query=Psychiatry+Psychotherapy+Podcast+Adolescent+Depression%3A+Developmental+Considerations,
,Adult ADHD: Why Wasn't This Caught Earlier?,Adult ADHD: Why Wasn't This Caught Earlier?,"Child, adolescent & development",https://www.youtube.com/@psychiatrypsychotherapy6939/search?query=Psychiatry+Psychotherapy+Podcast+Adult+ADHD%3A+Why+Wasn%27t+This+Caught+Earlier%3F,
,Adult Autism: Late Diagnosis,Adult Autism: Late Diagnosis,"Child, adolescent & development",https://www.youtube.com/@psychiatrypsychotherapy6939/search?query=Psychiatry+Psychotherapy+Podcast+Adult+Autism%3A+Late+Diagnosis,
,Bipolar Disorder 101,Bipolar Disorder 101,Psychotherapy process — transference & dynamics,https://www.youtube.com/@psychiatrypsychotherapy6939/search?query=Psychiatry+Psychotherapy+Podcast+Bipolar+Disorder+101,
,Bipolar Disorder Medication Management,Bipolar Disorder Medication Management,Mood & bipolar; suicide,https://www.youtube.com/@psychiatrypsychotherapy6939/search?query=Psychiatry+Psychotherapy+Podcast+Bipolar+Disorder+Medication+Management,
,Bipolar Disorder and Family Psychoeducation,Bipolar Disorder and Family Psychoeducation,Mood & bipolar; suicide,https://www.youtube.com/@psychiatrypsychotherapy6939/search?query=Psychiatry+Psychotherapy+Podcast+Bipolar+Disorder+and+Family+Psychoeducation,
,Borderline Personality Disorder 101,Borderline Personality Disorder 101,Psychotherapy process — transference & dynamics,https://www.youtube.com/@psychiatrypsychotherapy6939/search?query=Psychiatry+Psychotherapy+Podcast+Borderline+Personality+Disorder+101,
,CBT for Anxiety: What to Expect,CBT for Anxiety: What to Expect,Psychotherapy process — transference & dynamics,https://www.youtube.com/@psychiatrypsychotherapy6939/search?query=Psychiatry+Psychotherapy+Podcast+CBT+for+Anxiety%3A+What+to+Expect,
,CBT for Insomnia,CBT for Insomnia,"Anxiety, OCD & stress",https://www.youtube.com/@psychiatrypsychotherapy6939/search?query=Psychiatry+Psychotherapy+Podcast+CBT+for+Insomnia,
,Childhood Anxiety Disorders: Assessment and Treatment,Childhood Anxiety Disorders: Assessment and Treatment,Foundations & the psychiatric interview,https://www.youtube.com/@psychiatrypsychotherapy6939/search?query=Psychiatry+Psychotherapy+Podcast+Childhood+Anxiety+Disorders%3A+Assessment+and+Treatment,
,Chronic Pain and Depression: Biopsychosocial Approach,Chronic Pain and Depression: Biopsychosocial Approach,Mood & bipolar; suicide,https://www.youtube.com/@psychiatrypsychotherapy6939/search?query=Psychiatry+Psychotherapy+Podcast+Chronic+Pain+and+Depression%3A+Biopsychosocial+Approach,
,DBT Skills Overview,DBT Skills Overview,Personality,https://www.youtube.com/@psychiatrypsychotherapy6939/search?query=Psychiatry+Psychotherapy+Podcast+DBT+Skills+Overview,
,EMDR Explained,EMDR Explained,Trauma & PTSD,https://www.youtube.com/@psychiatrypsychotherapy6939/search?query=Psychiatry+Psychotherapy+Podcast+EMDR+Explained,
,EMDR: Rapid Trauma Processing,EMDR: Rapid Trauma Processing,Psychotherapy process — transference & dynamics,https://www.youtube.com/@psychiatrypsychotherapy6939/search?query=Psychiatry+Psychotherapy+Podcast+EMDR%3A+Rapid+Trauma+Processing,
,ERP: The Gold Standard for OCD,ERP: The Gold Standard for OCD,Psychotherapy process — transference & dynamics,https://www.youtube.com/@psychiatrypsychotherapy6939/search?query=Psychiatry+Psychotherapy+Podcast+ERP%3A+The+Gold+Standard+for+OCD,
,Eating Disorders 101,Eating Disorders 101,Other & special topics,https://www.youtube.com/@psychiatrypsychotherapy6939/search?query=Psychiatry+Psychotherapy+Podcast+Eating+Disorders+101,
,Family Guide to Mental Illness,Family Guide to Mental Illness,Other & special topics,https://www.youtube.com/@psychiatrypsychotherapy6939/search?query=Psychiatry+Psychotherapy+Podcast+Family+Guide+to+Mental+Illness,
,Family-Based Treatment for Adolescent EDs,Family-Based Treatment for Adolescent EDs,"Child, adolescent & development",https://www.youtube.com/@psychiatrypsychotherapy6939/search?query=Psychiatry+Psychotherapy+Podcast+Family-Based+Treatment+for+Adolescent+EDs,
,First Episode Psychosis,First Episode Psychosis,Psychosis & schizophrenia,https://www.youtube.com/@psychiatrypsychotherapy6939/search?query=Psychiatry+Psychotherapy+Podcast+First+Episode+Psychosis,https://www.youtube.com/watch?v=B_QLIIglJ9k
,Gender Dysphoria: Understanding,Gender Dysphoria: Understanding,"Child, adolescent & development",https://www.youtube.com/@psychiatrypsychotherapy6939/search?query=Psychiatry+Psychotherapy+Podcast+Gender+Dysphoria%3A+Understanding,
,Interpersonal Therapy (IPT): Evidence and Practice,Interpersonal Therapy (IPT): Evidence and Practice,Mood & bipolar; suicide,https://www.youtube.com/@psychiatrypsychotherapy6939/search?query=Psychiatry+Psychotherapy+Podcast+Interpersonal+Therapy+%28IPT%29%3A+Evidence+and+Practice,
,Late-Life Depression: More Than Just Aging,Late-Life Depression: More Than Just Aging,Mood & bipolar; suicide,https://www.youtube.com/@psychiatrypsychotherapy6939/search?query=Psychiatry+Psychotherapy+Podcast+Late-Life+Depression%3A+More+Than+Just+Aging,
,MAT: Medication-Assisted Treatment,MAT: Medication-Assisted Treatment,Substance use & addiction,https://www.youtube.com/@psychiatrypsychotherapy6939/search?query=Psychiatry+Psychotherapy+Podcast+MAT%3A+Medication-Assisted+Treatment,
,MI for Substance Use Disorders,MI for Substance Use Disorders,Foundations & the psychiatric interview,https://www.youtube.com/@psychiatrypsychotherapy6939/search?query=Psychiatry+Psychotherapy+Podcast+MI+for+Substance+Use+Disorders,
,Major Depression 101: A Patient's Guide,Major Depression 101: A Patient's Guide,Psychotherapy process — transference & dynamics,https://www.youtube.com/@psychiatrypsychotherapy6939/search?query=Psychiatry+Psychotherapy+Podcast+Major+Depression+101%3A+A+Patient%27s+Guide,
,Means Reduction Counseling,Means Reduction Counseling,Mood & bipolar; suicide,https://www.youtube.com/@psychiatrypsychotherapy6939/search?query=Psychiatry+Psychotherapy+Podcast+Means+Reduction+Counseling,
,Mental Health and Aging,Mental Health and Aging,Mood & bipolar; suicide,https://www.youtube.com/@psychiatrypsychotherapy6939/search?query=Psychiatry+Psychotherapy+Podcast+Mental+Health+and+Aging,
,Motivational Interviewing in Psychiatric Settings,Motivational Interviewing in Psychiatric Settings,Foundations & the psychiatric interview,https://www.youtube.com/@psychiatrypsychotherapy6939/search?query=Psychiatry+Psychotherapy+Podcast+Motivational+Interviewing+in+Psychiatric+Settings,
,OCD 101: More Than Being Neat,OCD 101: More Than Being Neat,Psychotherapy process — transference & dynamics,https://www.youtube.com/@psychiatrypsychotherapy6939/search?query=Psychiatry+Psychotherapy+Podcast+OCD+101%3A+More+Than+Being+Neat,
,Panic Disorder: Comprehensive Diagnosis and Treatment,Panic Disorder: Comprehensive Diagnosis and Treatment,Foundations & the psychiatric interview,https://www.youtube.com/@psychiatrypsychotherapy6939/search?query=Psychiatry+Psychotherapy+Podcast+Panic+Disorder%3A+Comprehensive+Diagnosis+and+Treatment,
,Pediatric OCD: Recognition and Treatment,Pediatric OCD: Recognition and Treatment,"Anxiety, OCD & stress",https://www.youtube.com/@psychiatrypsychotherapy6939/search?query=Psychiatry+Psychotherapy+Podcast+Pediatric+OCD%3A+Recognition+and+Treatment,
,Postpartum Depression Recognition and Treatment,Postpartum Depression Recognition and Treatment,Foundations & the psychiatric interview,https://www.youtube.com/@psychiatrypsychotherapy6939/search?query=Psychiatry+Psychotherapy+Podcast+Postpartum+Depression+Recognition+and+Treatment,
,Postpartum Psychosis - Emergency Recognition and Treatment,Postpartum Psychosis - Emergency Recognition and Treatment,Psychosis & schizophrenia,https://www.youtube.com/@psychiatrypsychotherapy6939/search?query=Psychiatry+Psychotherapy+Podcast+Postpartum+Psychosis+-+Emergency+Recognition+and+Treatment,
,Prolonged Exposure Therapy for PTSD,Prolonged Exposure Therapy for PTSD,Trauma & PTSD,https://www.youtube.com/@psychiatrypsychotherapy6939/search?query=Psychiatry+Psychotherapy+Podcast+Prolonged+Exposure+Therapy+for+PTSD,
,Psychiatric Medications 101,Psychiatric Medications 101,Psychopharmacology,https://www.youtube.com/@psychiatrypsychotherapy6939/search?query=Psychiatry+Psychotherapy+Podcast+Psychiatric+Medications+101,
,Social Anxiety: More Than Just Shyness,Social Anxiety: More Than Just Shyness,Psychotherapy process — transference & dynamics,https://www.youtube.com/@psychiatrypsychotherapy6939/search?query=Psychiatry+Psychotherapy+Podcast+Social+Anxiety%3A+More+Than+Just+Shyness,
,Starting Antidepressants,Starting Antidepressants,Foundations & the psychiatric interview,https://www.youtube.com/@psychiatrypsychotherapy6939/search?query=Psychiatry+Psychotherapy+Podcast+Starting+Antidepressants,
,Suicide Risk Assessment - Beyond Screening Tools,Suicide Risk Assessment - Beyond Screening Tools,Foundations & the psychiatric interview,https://www.youtube.com/@psychiatrypsychotherapy6939/search?query=Psychiatry+Psychotherapy+Podcast+Suicide+Risk+Assessment+-+Beyond+Screening+Tools,
,Talking to Families About Suicide Risk,Talking to Families About Suicide Risk,Foundations & the psychiatric interview,https://www.youtube.com/@psychiatrypsychotherapy6939/search?query=Psychiatry+Psychotherapy+Podcast+Talking+to+Families+About+Suicide+Risk,
,Therapy Types: Finding Your Fit,Therapy Types: Finding Your Fit,Psychotherapy process — transference & dynamics,https://www.youtube.com/@psychiatrypsychotherapy6939/search?query=Psychiatry+Psychotherapy+Podcast+Therapy+Types%3A+Finding+Your+Fit,
,Understanding Narcissistic Personality,Understanding Narcissistic Personality,Personality,https://www.youtube.com/@psychiatrypsychotherapy6939/search?query=Psychiatry+Psychotherapy+Podcast+Understanding+Narcissistic+Personality,
,Understanding Schizophrenia: A Family Guide,Understanding Schizophrenia: A Family Guide,Psychosis & schizophrenia,https://www.youtube.com/@psychiatrypsychotherapy6939/search?query=Psychiatry+Psychotherapy+Podcast+Understanding+Schizophrenia%3A+A+Family+Guide,
,Your First Month on Antidepressants,Your First Month on Antidepressants,Psychotherapy process — transference & dynamics,https://www.youtube.com/@psychiatrypsychotherapy6939/search?query=Psychiatry+Psychotherapy+Podcast+Your+First+Month+on+Antidepressants,
