source_page,link_text,url,reason
https://www.psychiatry.org/patients-families/domestic-violence,https://www.psychiatry.org/getattachment/Practice/Resource-Documents/Resource-Document-Intimate-Partner-Violence.pdf,https://www.psychiatry.org/getattachment/Practice/Resource-Documents/Resource-Document-Intimate-Partner-Violence.pdf,download_error:404 Client Error: Not Found for url: https://www.psychiatry.org/getattachment/Practice/Resource-Documents/Resource-Document-Intimate-Partner-Violence.pdf
https://www.psychiatry.org/patients-families/opioid-use-disorder,Expand Image,https://www.psychiatry.org/getmedia/38f02615-9df4-4906-b249-7db2554ad957/OUD-withdrawal-timeline.jpg,not_document:image/jpeg
https://www.psychiatry.org/psychiatrists/diversity/education/stress-and-trauma/general-treatment-recommendations,Click image to enlarge,https://www.psychiatry.org/getmedia/5eecad02-8dc9-4154-b900-a250c4c403bf/Stress-Trauma-Toolkit-Historical-Narratives-Chart.png,not_document:image/png
https://www.psychiatry.org/psychiatrists/diversity/education/stress-and-trauma/muslims,/File%20Library/About-APA/Organization-Documents-Policies/Policies/Position-2018-Discrimination-of-Religious-Minorities.pdf,https://www.psychiatry.org/File%20Library/About-APA/Organization-Documents-Policies/Policies/Position-2018-Discrimination-of-Religious-Minorities.pdf,download_error:404 Client Error: Not Found for url: https://www.psychiatry.org/File%20Library/About-APA/Organization-Documents-Policies/Policies/Position-2018-Discrimination-of-Religious-Minorities.pdf
https://www.psychiatry.org/psychiatrists/practice/dsm/educational-resources/dsm-5-fact-sheets,From Planning to Publication: Developing DSM-5,https://www.psychiatry.org/File%20Library/Psychiatrists/Practice/DSM/APA_DSM-Development-of-DSM-5.pdf,download_error:406 Client Error: Not Acceptable for url: https://www.psychiatry.org/File%20Library/Psychiatrists/Practice/DSM/APA_DSM-Development-of-DSM-5.pdf
https://www.psychiatry.org/psychiatrists/practice/professional-interests/collaborative-care/get-paid/medicaid-payment-and-collaborative-care-model,Full Report – Economic Impact of Integrated Medical-Behavioral Healthcare Implications for Psychiatry (.pdf),https://www.psychiatry.org/getmedia/be47c6d5-12f7-4d07-8a43-15082b0a3029/Milliman-Report-Economic-Impact-Integrated-Implications-Psychiatry.pdf,download_error:404 Client Error: Not Found for url: https://www.psychiatry.org/getmedia/be47c6d5-12f7-4d07-8a43-15082b0a3029/Milliman-Report-Economic-Impact-Integrated-Implications-Psychiatry.pdf
https://www.psychiatry.org/psychiatrists/practice/telepsychiatry/covid-19-telehealth-policies-wind-down-timeline,Comparison of Telehealth Provisions During & After the Public Health Emergency (.pdf),https://www.psychiatry.org/getmedia/ebcda102-53ae-4b44-82c0-a0783e9e57e5/APA-Telehealth-Provisions-Updated-Dec-2022.pdf,download_error:404 Client Error: Not Found for url: https://www.psychiatry.org/getmedia/ebcda102-53ae-4b44-82c0-a0783e9e57e5/APA-Telehealth-Provisions-Updated-Dec-2022.pdf
https://www.psychiatry.org/residents-medical-students/medical-students/building-a-career-in-psychiatry,,https://www.psychiatry.org/getmedia/1ab2a507-4ef4-43e7-a8c3-8741399bf6cf/2026-Match-Day-Graphic-2.png,not_document:image/png
https://www.psychiatry.org/residents-medical-students/medical-students/building-a-career-in-psychiatry,,https://www.psychiatry.org/getmedia/0871344b-35d4-4319-85cd-112eef663f93/2026-Match-Day-Graphic-1.png,not_document:image/png
